path,size_bytes,sha256
.gitignore,44,d7551c84518fbda0325e784a3d0cc32545acc3055e64a644ca147d3c24a5c9aa
CHANGELOG.md,1116,fb5edc52046cbc123f4fd8d46a606e63bc9af9b366a9120cd9a6124564fd2004
CITATION.cff,1094,41bf58fd19c52ef6dc95e20718031abaef485b8e536156d44a0039da3f9915b8
LICENSE,1078,559aecf6891a87f7546e1b9a81d0d2f59cdd0278ca0603c190910a7ac3867612
MANIFEST.in,279,8b958ceb6a1e46db2c23826f0fcb88c4b4fe1562f50601bf9e517f63d90fa466
README.md,6233,db0aec923ffcad18d67b2414b7bbb51a2ed27a73eba7444088b7b2bf0e97d01d
REPRODUCIBILITY.md,3919,ccf5f3afc50cb3dce4894bb59c3131b736deac45dc5b8dc4c0f4d3cc375dfebe
docs/field_dictionary.md,2013,e497a1d2bff0efa0e9a12b03748d0db9a2f26df104b18dc2225658478834d073
docs/method_guide.md,3918,53676bb0a8ad0a8193b21bce61e7a3f2f256f04f9d44fe30094c843a2f0043e7
docs/troubleshooting.md,3058,ccea5832cab92cfd01a1f9fe7ad0496bcd07713e04b2e15af22aea12d37cdce0
examples/minimal/config.json,489,683c8d61f648eb7e3200c36d55b70f1aeb4435dc936329619c6dfbabb6adb8de
examples/minimal/input.csv,1528,7f433d1a2497447a9dcbe599c89421682cf9189d0caed0a584328af581186831
examples/minimal/recipe.json,165,0c5b9a53600fba7d1d557c16da1e8a3331bcccad58601bb1401cb6d501cc47a1
examples/minimal/simulation_config.json,833,ca1c5f59f9f000fd4a15e2674555a91d70b56e24e25e95fb1254b1bf13d20a86
pyproject.toml,1104,cee4cca1bfea7ccc406a046c0212263b7612ff37ae943ceea7e02787b4762b48
reproducibility/LICENSE.txt,365,20e5b8ca30aaf1a8fd49b18c6cb2c565060493acc421259236744a6fec8b85fd
reproducibility/ah_alpha_diversity/README.md,945,74b18327de6ba2f1528950b3779ffa80e7c0a0cd788c3f7c3d48f13abab0c8ac
reproducibility/ah_alpha_diversity/expected/independent_validation.json,2566,fd1670be57e778ab3191de297964e50cede0e09c3374b110940bba6c1cf33b45
reproducibility/ah_alpha_diversity/expected/leave_one_cohort_out_dl_hk.csv,6187,81ddcc865da87075d38a35bc00f95cdef10718bbddb3921f64c82c4e3e6b4d79
reproducibility/ah_alpha_diversity/expected/model_summary_dl_hk.csv,4718,bdf49ebb8a38e88a38ba80e391b324bbbc8c7ec7b48ce4ce32178069bf4f72e9
reproducibility/ah_alpha_diversity/expected/report_replacement_dl_hk.csv,869,d6a34e36e442143be5c2b58a2cc6fbb84ad008c2a3d056cab208b46e558ff269
reproducibility/ah_alpha_diversity/expected/study_effects_and_weights.csv,5777,375bef3728f0766a024cd93c494fb36eaa505099cdc7debdfd36660aab647c34
reproducibility/ah_alpha_diversity/input.csv,5600,88ad502a10ccd0c41de05a4436b24a4790a3639a3bc685a3ed3ceb1f83f85970
reproducibility/ah_alpha_diversity/model_membership_and_nonentry.csv,10186,d8118c440ea778f7b89529d6261dac3f9ca267f2f1ca07d7c0cf78a6e4a3047b
reproducibility/ah_alpha_diversity/recalculate_alpha_diversity.py,13386,488ca2ac27ea1dde584b85bc11920128dc66de06c41777ec98a8a7976f465f14
reproducibility/ah_alpha_diversity/systematic_review/prisma_2020_checklist.csv,5272,ce5553202f6cdfeed27bac5b02bc7a5e33b406356cb0e417f7457d86437a54e7
reproducibility/ah_alpha_diversity/systematic_review/prisma_counts.csv,995,470a10948c53afe1ab22e34dbaa6e5e3394a40f05e1f638438ea3da7e595e19b
reproducibility/ah_alpha_diversity/systematic_review/search_strategy.csv,9145,4cfa78cf9879d577d57a259c27a8f2b41e2eb7e7e67bc80a5ee732b108f97b8c
reproducibility/ah_alpha_diversity/systematic_review/study_quality_assessment.csv,2920,ab923f54c61eded7080ec552bb26aba859c90a07b5da7b5b6943002815ba8ca8
reproducibility/ah_alpha_diversity/systematic_review/study_quality_rubric.csv,3794,d1f93378a7a5a7c9c60863abe6ba5ce6ffba8d374a09e1b8e097e808f7e28c5b
reproducibility/ah_alpha_diversity/validate_alpha_diversity_independently.py,5193,7f9b8762c48730b9779379f263a2b91ddb61db2488ec29d122c1721a9ea9a022
reproducibility/ah_case/README.md,826,d95142b23bc8479ca36d616fb0a64b05ca6c2b898e04886e688bd77a080c6ae2
reproducibility/ah_case/adapted_input.csv,37830,cabb88cdfb3f91894487a798629712e5bb38b7cacfba2b7857961ebe2024282b
reproducibility/ah_case/aggregation_config.json,776,7bf1aba52893fa3e692ea1e4b96fe29d50357193a9a2ffb078947363d79d9dbc
reproducibility/ah_case/expected/factorial_method_comparison.csv,201767,fde0e4725b513fca602248ba6ff3b248671e136fc5838f7234f88f70d3be00d5
reproducibility/ah_case/expected/leave_one_family_out.csv,3159,a669f2d116bd0a2434170cd7180084c74cb56e7624189467e29f3d9c1309e06b
reproducibility/ah_case/expected/method_comparison.csv,44111,714b6966450f79b5f0991abb193af01af4d1f85805264399b7e6459b26baef31
reproducibility/ah_case/expected/threshold_surface.csv,11182,909c0e6e2ea71823f33adf3f62151438a616ef5584abe45c42f7e49e45442e88
reproducibility/ah_case/recipe.json,209,1c27e823993f69caba6ba4c31ea850925ad6adf8666253b9fac2ea807eb03b7d
reproducibility/ah_case/report_key.csv,2190,f71e371e5440194f7618e94a897b1f91cad02df04a834abbfbec0a6510b0ff0b
reproducibility/figures/README.md,403,a494efd324cb52314f4a8b3a5853c536655c65197a4c9d256a88187a4a45a66d
reproducibility/figures/build_figures.py,25725,6b1855ae854db308d9bddaca05171dddab9850932d9b18347bf8c087292e2ca5
reproducibility/figures/figure_style.py,1729,bf5fc77ffbb2778de164b8d7591b05d5d7ca7844f67129e7ea1e0ffe6f4ff87f
reproducibility/figures/inputs/ah_leave_one_family_out.csv,3159,1e852b4a3f1d2b20d535750311e95796f965d896743220ed987f5182005567f0
reproducibility/figures/inputs/ah_threshold_surface.csv,11182,76644cd9e8902587f2a0da74f442d422eb666b5ae387af099a22573f14041796
reproducibility/figures/inputs/alpha_diversity_model_summary_dl_hk.csv,4718,bdf49ebb8a38e88a38ba80e391b324bbbc8c7ec7b48ce4ce32178069bf4f72e9
reproducibility/figures/inputs/alpha_diversity_study_effects_and_weights.csv,5777,375bef3728f0766a024cd93c494fb36eaa505099cdc7debdfd36660aab647c34
reproducibility/figures/inputs/benchmark_scenario_performance_18_scenarios.csv,243236,4c87491de19d1b14b1e5cbaaff6b9853fac9c1a94a11f4825e6ac29e7c614f06
reproducibility/figures/inputs/benchmark_support_threshold_calibration.csv,74564,33fae97b2e28f6275c9a7025536c96cd9b8856af6cafc33cc5cf7ba1d33b12bf
reproducibility/figures/inputs/cross_arm_agreement_with_null.csv,706,3b73e5b4dd0e3f0b85c9f7d700d073904b3eab1b68879b527653c96fa1c086ae
reproducibility/figures/inputs/disbiome_determinability.csv,634,2b3835e3538c9fe0fa2384034a5a55438c73d15fdb2e445f359128fde60a181d
reproducibility/figures/inputs/distinct_estimator_equivalence_classes.csv,1467,a3a7f700cdcdb09d527fc5561a3beee32fce8ad4093aee3323bc099881afe827
reproducibility/figures/inputs/hcc_reanalysis_summary.json,425,00036bcee1b18fa397db8330304691964ca44d03d616a211e728a0f9a71ff495
reproducibility/figures/inputs/hcc_separate_vote_support_provenance.csv,2404,e808ed7a4bec30cf904e2b1913e903b02412e58e2743684a84d8153010d705f1
reproducibility/figures/inputs/hcc_voting_unit_by_comparison_policy.csv,1443,e379d06e4870df8330585c0ae6b9aadab0702fc8132de053d33979275e5f5408
reproducibility/figures/inputs/public_arm_disease_summary.csv,4197,ba022faa1382963003e25da762b30e742199440c9e9fe384151c5af9f365109a
reproducibility/figures/inputs/public_primary_method_summary.csv,29671,593ea344c1730073c92b45e86de922f51244ee1f202510cca7798eeaf6f0bb90
reproducibility/figures/inputs/public_rank_folding_summary.csv,1930,0ba9b4a562cdc2b1e08e297bde9c2bf329b483f9fcc55b380ce55189b6b1001f
reproducibility/hcc_repeated_report_case/README.md,867,e685a8412ff4ed94a81cea4b3d680722a7c415b5613aa737ffbe460c50909f3a
reproducibility/hcc_repeated_report_case/aggregation_config.json,730,0aae4bff108dff386a9440a1af8ac739b5dbca2a78090a05668bc323a0dabc6a
reproducibility/hcc_repeated_report_case/expected/factorial_method_comparison.csv,405955,968d0b784a7d210b13e8cf87ed928d067f09bf771a9e3dba1e1eca91594a46e5
reproducibility/hcc_repeated_report_case/expected/leave_one_family_out.csv,14223,509ab77a027d648f90fe0456304d3a6caab9743e59e84fd7ed887a6acc1e336e
reproducibility/hcc_repeated_report_case/expected/method_comparison.csv,91760,be408f546f07d380c9d0285976e6a4d43831628fbc0349978013b7bdc1c51ab6
reproducibility/hcc_repeated_report_case/expected/threshold_surface.csv,61403,b8cedb50ea41e2563f8895eaa35e7b3d940a36fd8962f7524e1a401ef89a611e
reproducibility/hcc_repeated_report_case/extraction_exclusions.csv,1415,fbefc0cbe0c89a5e7477c43a1e2d0dc6508b634d23bea5a902c54f5897940713
reproducibility/hcc_repeated_report_case/input.csv,27733,8aa33c314c70d26e822a433087b9dc4f3cc2668310484d3f51d1c3f19b83bed3
reproducibility/hcc_repeated_report_case/reanalysis_summary.json,425,00036bcee1b18fa397db8330304691964ca44d03d616a211e728a0f9a71ff495
reproducibility/hcc_repeated_report_case/recipe.json,201,d4a2afa4b789609dbd7fc6eaecf6e3609ce68ba48c2449fb8a45ecc0adc6d5bd
reproducibility/hcc_repeated_report_case/report_family_registry.csv,1734,9e80235d048121384f13b2198261e8099ec9374d38bb8b4ed4211bfb2a73146f
reproducibility/hcc_repeated_report_case/support_provenance.csv,2404,e808ed7a4bec30cf904e2b1913e903b02412e58e2743684a84d8153010d705f1
reproducibility/hcc_repeated_report_case/voting_unit_by_comparison_policy.csv,1443,e379d06e4870df8330585c0ae6b9aadab0702fc8132de053d33979275e5f5408
reproducibility/independent_benchmark/benchmark_grid.json,12164,86572c3747da44e1bb4cc47ed2286570d1ad1b7648bd84ad5d62b7e427d767a0
reproducibility/independent_benchmark/expected/distinct_estimator_equivalence_classes.csv,1467,7de176875259c9f77cb9fb865a5c8c6f2ae636a443431ba79c813fa3a9a91a70
reproducibility/independent_benchmark/expected/factorial_attribution_summary.csv,533,6031c7529602f49770de505792f8e2329d5e0df3c7448876af54219ba6408c59
reproducibility/independent_benchmark/expected/failure_region_summary.csv,491,d58522608e53b37698518f0dd3333dab3fa19c4ab725536756e336b1fa01527e
reproducibility/independent_benchmark/expected/generated_stream_identities.csv,613,8229ac9ea5675c13268cef947cd3b6c69cdfc5f92615fea31b75965b9362606b
reproducibility/independent_benchmark/expected/rank_replacement_extension_summary.json,321,62c058c9dcff0c4f3e641b42aecc5a8b499db9d3efa98e5cef75a71fe04b2af9
reproducibility/independent_benchmark/expected/rank_replacement_replicate_audit.csv,19756,87f31f863d0e64c3f755fa26bb83dc2d76fa9c1be812ab550e94a62518d4c002
reproducibility/independent_benchmark/expected/replicate_audit.csv,224447,0dc63362255e65174561fb5f1d6c16981c6dc16d242bb5042b5383af76b51b81
reproducibility/independent_benchmark/expected/replicate_metrics.csv,12753713,9e487a38045b49a733b6a6598016988912aaf3b0b532a1ce4547a29d6e998bf2
reproducibility/independent_benchmark/expected/runtime_memory_summary.csv,4343,333124bf74d81be08cdc76cbde5878ab5db54042e57beed013efebf5b67699fc
reproducibility/independent_benchmark/expected/scenario_performance_summary.csv,243236,4c87491de19d1b14b1e5cbaaff6b9853fac9c1a94a11f4825e6ac29e7c614f06
reproducibility/independent_benchmark/expected/support_threshold_calibration.csv,74564,33fae97b2e28f6275c9a7025536c96cd9b8856af6cafc33cc5cf7ba1d33b12bf
reproducibility/independent_benchmark/run_independent_benchmark.py,14576,d6cffe0f639b77d5cf7065c7eaf9615331a8c9abd0bf1c5b5d4dafd8fd3ae159
reproducibility/independent_benchmark/validate_metrics.py,7843,eddf3a6c5c1ef3a0bf3c77f0dc31f21aad8b1d33b85c085cef11008a6d2cfeef
reproducibility/independent_benchmark/validate_replay.py,6969,38776f93d878eb0886a3e05b903044c2410ddbbc8478aafa599cbf357cdc6395
reproducibility/public_evaluation/SOURCE_INPUTS.md,3342,d171a32b84cf0396ad04c7076c14e9340832f01153106b51a6934a2a0607b494
reproducibility/public_evaluation/derived_summaries/arm_disease_summary.csv,4197,ba022faa1382963003e25da762b30e742199440c9e9fe384151c5af9f365109a
reproducibility/public_evaluation/derived_summaries/cross_arm_agreement_with_null.csv,706,3b73e5b4dd0e3f0b85c9f7d700d073904b3eab1b68879b527653c96fa1c086ae
reproducibility/public_evaluation/derived_summaries/cross_arm_direction_concordance.csv,408,4ab666b5525f2b368c1fc6229eab3b8c78893cde72962619c901b0d0f87bd45c
reproducibility/public_evaluation/derived_summaries/cross_arm_jaccard_surface.csv,2123,7e0cba33eac8f11950424059bf6ec7da85a619b64d0626fe5b93008381c6247f
reproducibility/public_evaluation/derived_summaries/disbiome_determinability.csv,634,2b3835e3538c9fe0fa2384034a5a55438c73d15fdb2e445f359128fde60a181d
reproducibility/public_evaluation/derived_summaries/disbiome_publication_family_sensitivity.csv,41956,3a3e0f773a320febd6dad2bd95b22018e29884abd2c1803ca19cd18e6b489902
reproducibility/public_evaluation/derived_summaries/family_omission_summary.csv,2109,4019e52285b5f8bf84447f6f5cdd9fd488a0eb21a23ffe550101f230f41dd953
reproducibility/public_evaluation/derived_summaries/method_summary.csv,29671,593ea344c1730073c92b45e86de922f51244ee1f202510cca7798eeaf6f0bb90
reproducibility/public_evaluation/derived_summaries/rank_folding_summary.csv,1930,0ba9b4a562cdc2b1e08e297bde9c2bf329b483f9fcc55b380ce55189b6b1001f
reproducibility/public_evaluation/execution_contract.json,5625,e993d7cbb068ebaf84951810a72f8fa5031eb4dd24127794fdafb87b03209204
reproducibility/public_evaluation/fetch_ncbi_taxonomy.py,5914,aba50252e7e387c2de81db0b363fa338c9d49cbf694ed71eababfca40e0ca7b9
reproducibility/public_evaluation/public_evaluation_summary.json,2116,fd0f411727df0f9e90bb7377e8ac9e54db20cb895b656c27931e6cf3a7867999
reproducibility/public_evaluation/retrieve_gutmdisorder_inputs.py,1584,04aa12d51a575f56842839e8443f51f830599de70457c29f9b83615b0e19ac2a
reproducibility/public_evaluation/run_public_evaluation.py,46314,3bbdd83cf6c115023bda4e98cf6c397253c5bcac80d7d031b24d658198119556
reproducibility/public_evaluation/source_input_identities.csv,1558,1d3e5f7fdcc5eb6c105816c0cd4322ad4040618538c680aaa9d21743725e98cf
reproducibility/public_evaluation/taxonomy_query_taxids.txt,3210,dfa60e9dc3949386f20274f53dce53d87f756fa216fb20ddbb226b290f29a8bf
reproducibility/public_evaluation/validate_public_evaluation.py,17909,15d62d01a989369829168e5781ba7b10246a96e46d76117bd648aceca42cfcdb
reproducibility/run_release_checks.py,11880,24b88004dacbba319a7b7d0c39bb57890cdd2ded5f0e09ba883baa4559d14e49
schemas/config_schema_v1.json,1705,d650e5af03b66f7b785fdf7e54f8a3e073c3e75897c16f6990fe66dc882afc65
schemas/input_schema_v1.json,1281,2a94e496b3a9533cfa780eb80f642595ea1dfe09bc2ed343bb8d66032b20337f
src/provfold/__init__.py,573,966b975aaa998d04c7022a68050d9b958e6d572a3b297da73d292587acfb54ed
src/provfold/benchmark.py,5996,85e2a90542e9416791daf7d52843602379ab6807b117faafcf963802e8211628
src/provfold/cli.py,7631,c0a3c1767c5d040436ee8609a9b44743a0dfa72a03a57d5c20a1747bfeadbbb0
src/provfold/compare.py,12710,4572fffa121d7788093bf40b5f7b16d8ee4c5b85452a851059364692c3a0ea08
src/provfold/config.py,9122,983107606912de35d6d92d4321efc52bd8da59428087fb931f54db5ad5e8f2c7
src/provfold/core.py,18368,fb8786c0aa6afc56fb792e2a7f0f6502f5b4f7ac7e50da9e9bc68766cf0b33d3
src/provfold/io.py,4718,fae1f78bc941f1b5c4c770c63ff670dbe05af9d7327f329ae5685c3f7311d7d7
src/provfold/models.py,860,71465e7f2cd5d989570fffa9f6a7881be0065b818a38a8e028667d7b7679cc07
src/provfold/py.typed,1,01ba4719c80b6fe911b091a7c05124b64eeece964e09c058ef8f9805daca546b
src/provfold/sensitivity.py,4198,761bc17e736592e1d8b92141d9d4b252342ea0dca03f76ac8406e649fa80c00d
src/provfold/simulate.py,11084,8064f8463d4a031b3fcfddaae69d44bdcf29f2c525b9b1d5401c4c508f7ab0ef
tests/test_ah_case_regression.py,983,308e930dd082dfe8dabbd2cae9f8755a9553d3bcd30a59f787319b6b503e79f4
tests/test_analysis.py,12055,67694806a9532e4fe951ee1c187ca5b9b8bb32999bfb4cda3cfa60f99efaf42e
tests/test_cli.py,1740,2c99596bb8b18244ce38fbddc70a90106e482f0f6feb041b66ecfc46df61eae0
tests/test_core.py,6578,e98c04161f766400dbc5be0b96f556c87d1d8719ff81166d78ce741d3d6a7e56
