record_id,report_id,family_id,family_state,comparison_id,evidence_tier,source_taxon,source_rank,harmonized_taxon,harmonized_rank,target_taxon,mapping_state,direction,lineage_component,eligibility,source_location
EVM0001,RPT0001,COH0001,cohort_family,direct_AH_healthy_organism_specific,organism_specific_corroboration,Enterococcus faecalis,species,Enterococcus,genus,Enterococcus,exact_current_taxon,increased_in_AH,not_assigned_without_full_source_lineage,eligible,"FILE0001, PDF pages 18-19, Extended Data Figure 1c-d and caption"
EVM0002,RPT0005,COH0001,cohort_family,multigroup_ALD_signature,multigroup_corroboration,Prevotella_copri,species,,,,unresolved_mapping,decreased_in_AH,not_assigned_without_full_source_lineage,unresolved_mapping,"FILE0012, PDF page 5, Figure 1A"
EVM0003,RPT0005,COH0001,cohort_family,multigroup_ALD_signature,multigroup_corroboration,Eubacterium_rectale,species,,,,unresolved_mapping,decreased_in_AH,not_assigned_without_full_source_lineage,unresolved_mapping,"FILE0012, PDF page 5, Figure 1A"
EVM0004,RPT0005,COH0001,cohort_family,multigroup_ALD_signature,multigroup_corroboration,Faecalibacterium_prausnitzii,species,,,,unresolved_mapping,decreased_in_AH,not_assigned_without_full_source_lineage,unresolved_mapping,"FILE0012, PDF page 5, Figure 1A"
EVM0005,RPT0005,COH0001,cohort_family,multigroup_ALD_signature,multigroup_corroboration,Subdoligranulum_unclassified,species,,,,unresolved_mapping,decreased_in_AH,not_assigned_without_full_source_lineage,unresolved_mapping,"FILE0012, PDF page 5, Figure 1A"
EVM0006,RPT0005,COH0001,cohort_family,multigroup_ALD_signature,multigroup_corroboration,Bacteroides_stercoris,species,,,,unresolved_mapping,decreased_in_AH,not_assigned_without_full_source_lineage,unresolved_mapping,"FILE0012, PDF page 5, Figure 1A"
EVM0007,RPT0005,COH0001,cohort_family,multigroup_ALD_signature,multigroup_corroboration,Barnesiella_intestinihominis,species,,,,unresolved_mapping,decreased_in_AH,not_assigned_without_full_source_lineage,unresolved_mapping,"FILE0012, PDF page 5, Figure 1A"
EVM0008,RPT0005,COH0001,cohort_family,multigroup_ALD_signature,multigroup_corroboration,Ruminococcus_bromii,species,,,,unresolved_mapping,not_a_group_direction,not_assigned_without_full_source_lineage,ineligible_source_threshold,"FILE0012, PDF page 5, Figure 1A"
EVM0009,RPT0005,COH0001,cohort_family,multigroup_ALD_signature,multigroup_corroboration,Bifidobacterium_adolescentis,species,,,,unresolved_mapping,not_a_group_direction,not_assigned_without_full_source_lineage,ineligible_source_threshold,"FILE0012, PDF page 5, Figure 1A"
EVM0010,RPT0005,COH0001,cohort_family,multigroup_ALD_signature,multigroup_corroboration,Collinsella_aerofaciens,species,,,,unresolved_mapping,not_a_group_direction,not_assigned_without_full_source_lineage,ineligible_source_threshold,"FILE0012, PDF page 5, Figure 1A"
EVM0011,RPT0005,COH0001,cohort_family,multigroup_ALD_signature,multigroup_corroboration,Ruminococcus_sp_5_1_39BFAA,species,,,,unresolved_mapping,not_a_group_direction,not_assigned_without_full_source_lineage,ineligible_source_threshold,"FILE0012, PDF page 5, Figure 1A"
EVM0012,RPT0005,COH0001,cohort_family,multigroup_ALD_signature,multigroup_corroboration,Ruminococcus_torques,species,,,,unresolved_mapping,not_a_group_direction,not_assigned_without_full_source_lineage,ineligible_source_threshold,"FILE0012, PDF page 5, Figure 1A"
EVM0013,RPT0005,COH0001,cohort_family,multigroup_ALD_signature,multigroup_corroboration,Eubacterium_hallii,species,,,,unresolved_mapping,not_a_group_direction,not_assigned_without_full_source_lineage,ineligible_source_threshold,"FILE0012, PDF page 5, Figure 1A"
EVM0014,RPT0005,COH0001,cohort_family,multigroup_ALD_signature,multigroup_corroboration,Bacteroides_massiliensis,species,,,,unresolved_mapping,not_a_group_direction,not_assigned_without_full_source_lineage,ineligible_source_threshold,"FILE0012, PDF page 5, Figure 1A"
EVM0015,RPT0005,COH0001,cohort_family,multigroup_ALD_signature,multigroup_corroboration,Parabacteroides_merdae,species,,,,unresolved_mapping,not_a_group_direction,not_assigned_without_full_source_lineage,ineligible_source_threshold,"FILE0012, PDF page 5, Figure 1A"
EVM0016,RPT0005,COH0001,cohort_family,multigroup_ALD_signature,multigroup_corroboration,Alistipes_putredinis,species,,,,unresolved_mapping,not_a_group_direction,not_assigned_without_full_source_lineage,ineligible_source_threshold,"FILE0012, PDF page 5, Figure 1A"
EVM0017,RPT0005,COH0001,cohort_family,multigroup_ALD_signature,multigroup_corroboration,Escherichia_coli,species,Escherichia,genus,Escherichia,exact_current_taxon,increased_in_AH,not_assigned_without_full_source_lineage,eligible,"FILE0012, PDF page 5, Figure 1A"
EVM0018,RPT0005,COH0001,cohort_family,multigroup_ALD_signature,multigroup_corroboration,Klebsiella_pneumoniae,species,,,,unresolved_mapping,increased_in_AH,not_assigned_without_full_source_lineage,unresolved_mapping,"FILE0012, PDF page 5, Figure 1A"
EVM0019,RPT0005,COH0001,cohort_family,multigroup_ALD_signature,multigroup_corroboration,Bacteroides_uniformis,species,,,,unresolved_mapping,increased_in_AH,not_assigned_without_full_source_lineage,unresolved_mapping,"FILE0012, PDF page 5, Figure 1A"
EVM0020,RPT0005,COH0001,cohort_family,multigroup_ALD_signature,multigroup_corroboration,Escherichia_unclassified,species,Escherichia,genus,Escherichia,exact_current_taxon,increased_in_AH,not_assigned_without_full_source_lineage,eligible,"FILE0012, PDF page 5, Figure 1A"
EVM0021,RPT0005,COH0001,cohort_family,multigroup_ALD_signature,multigroup_corroboration,Enterococcus_faecium,species,,,,unresolved_mapping,increased_in_AH,not_assigned_without_full_source_lineage,unresolved_mapping,"FILE0012, PDF page 5, Figure 1A"
EVM0022,RPT0005,COH0001,cohort_family,multigroup_ALD_signature,multigroup_corroboration,Enterococcus_faecalis,species,,,,unresolved_mapping,increased_in_AH,not_assigned_without_full_source_lineage,unresolved_mapping,"FILE0012, PDF page 5, Figure 1A"
EVM0023,RPT0005,COH0001,cohort_family,multigroup_ALD_signature,multigroup_corroboration,Veillonella_unclassified,species,,,,unresolved_mapping,increased_in_AH,not_assigned_without_full_source_lineage,unresolved_mapping,"FILE0012, PDF page 5, Figure 1A"
EVM0024,RPT0004,COH0002,cohort_family,alcohol_exposed_non_AH,alcohol_exposed_corroboration,Atopobium,genus,,,,unresolved_mapping,increased_in_AH,not_assigned_without_full_source_lineage,unresolved_mapping,"FILE0005, PDF pages 7-9, Results and Figure 3"
EVM0025,RPT0004,COH0002,cohort_family,alcohol_exposed_non_AH,alcohol_exposed_corroboration,Fusobacterium,genus,,,,unresolved_mapping,increased_in_AH,not_assigned_without_full_source_lineage,unresolved_mapping,"FILE0005, PDF pages 7-9, Results and Figure 3"
EVM0026,RPT0004,COH0002,cohort_family,alcohol_exposed_non_AH,alcohol_exposed_corroboration,Enterococcaceae,family,,,,unresolved_mapping,decreased_in_AH,not_assigned_without_full_source_lineage,ineligible_source_threshold,"FILE0005, PDF pages 7-9, Results and Figure 3"
EVM0027,RPT0004,COH0002,cohort_family,alcohol_exposed_non_AH,alcohol_exposed_corroboration,Lachnospiraceae,family,,,,unresolved_mapping,decreased_in_AH,not_assigned_without_full_source_lineage,ineligible_source_threshold,"FILE0005, PDF pages 7-9, Results and Figure 3"
EVM0028,RPT0004,COH0002,cohort_family,alcohol_exposed_non_AH,alcohol_exposed_corroboration,Ruminococcaceae,family,,,,unresolved_mapping,decreased_in_AH,not_assigned_without_full_source_lineage,ineligible_source_threshold,"FILE0005, PDF pages 7-9, Results and Figure 3"
EVM0029,RPT0007,COH0003,cohort_family,direct_AH_healthy,primary_direct_AH_healthy,Bacilli,class,,,,unresolved_mapping,increased_in_AH,CMP0006_LINEAGE_01,ineligible_source_threshold,"FILE0015, Supplementary Table 2 (BT_SAH); FILE0016, Supplementary Table 3 (BT); FILE0021, PDF page 7, Figure 4A"
EVM0030,RPT0007,COH0003,cohort_family,direct_AH_healthy,primary_direct_AH_healthy,Lactobacillales,order,,,,unresolved_mapping,increased_in_AH,CMP0006_LINEAGE_01,ineligible_source_threshold,"FILE0015, Supplementary Table 2 (BT_SAH); FILE0016, Supplementary Table 3 (BT); FILE0021, PDF page 7, Figure 4A"
EVM0031,RPT0007,COH0003,cohort_family,direct_AH_healthy,primary_direct_AH_healthy,Veillonella,genus,Veillonella,genus,Veillonella,exact_current_taxon,increased_in_AH,CMP0006_LINEAGE_02,eligible,"FILE0015, Supplementary Table 2 (BT_SAH); FILE0016, Supplementary Table 3 (BT); FILE0021, PDF page 7, Figure 4A"
EVM0032,RPT0007,COH0003,cohort_family,direct_AH_healthy,primary_direct_AH_healthy,Veillonella parvula group,species,Veillonella,genus,Veillonella,exact_current_taxon,increased_in_AH,CMP0006_LINEAGE_02,eligible,"FILE0015, Supplementary Table 2 (BT_SAH); FILE0016, Supplementary Table 3 (BT); FILE0021, PDF page 7, Figure 4A"
EVM0033,RPT0007,COH0003,cohort_family,direct_AH_healthy,primary_direct_AH_healthy,Atopobium,genus,source_complex::Atopobium,,source_complex::Atopobium,source_genus_scope_changed_Lancefieldella_component,increased_in_AH,CMP0006_LINEAGE_03,unresolved_mapping,"FILE0015, Supplementary Table 2 (BT_SAH); FILE0016, Supplementary Table 3 (BT); FILE0021, PDF page 7, Figure 4A"
EVM0034,RPT0007,COH0003,cohort_family,direct_AH_healthy,primary_direct_AH_healthy,Atopobium parvulum,species,source_complex::Atopobium,,source_complex::Atopobium,source_genus_scope_changed_Lancefieldella_component,increased_in_AH,CMP0006_LINEAGE_03,unresolved_mapping,"FILE0015, Supplementary Table 2 (BT_SAH); FILE0016, Supplementary Table 3 (BT); FILE0021, PDF page 7, Figure 4A"
EVM0035,RPT0007,COH0003,cohort_family,direct_AH_healthy,primary_direct_AH_healthy,Streptococcus pneumoniae group,species,Streptococcus,genus,Streptococcus,exact_current_taxon,increased_in_AH,CMP0006_LINEAGE_01,eligible,"FILE0015, Supplementary Table 2 (BT_SAH); FILE0016, Supplementary Table 3 (BT); FILE0021, PDF page 7, Figure 4A"
EVM0036,RPT0007,COH0003,cohort_family,direct_AH_healthy,primary_direct_AH_healthy,Streptococcaceae,family,,,,unresolved_mapping,increased_in_AH,CMP0006_LINEAGE_01,ineligible_source_threshold,"FILE0015, Supplementary Table 2 (BT_SAH); FILE0016, Supplementary Table 3 (BT); FILE0021, PDF page 7, Figure 4A"
EVM0037,RPT0007,COH0003,cohort_family,direct_AH_healthy,primary_direct_AH_healthy,Streptococcus,genus,Streptococcus,genus,Streptococcus,exact_current_taxon,increased_in_AH,CMP0006_LINEAGE_01,eligible,"FILE0015, Supplementary Table 2 (BT_SAH); FILE0016, Supplementary Table 3 (BT); FILE0021, PDF page 7, Figure 4A"
EVM0038,RPT0007,COH0003,cohort_family,direct_AH_healthy,primary_direct_AH_healthy,Lactobacillaceae,family,,,,unresolved_mapping,increased_in_AH,CMP0006_LINEAGE_01,ineligible_source_threshold,"FILE0015, Supplementary Table 2 (BT_SAH); FILE0016, Supplementary Table 3 (BT); FILE0021, PDF page 7, Figure 4A"
EVM0039,RPT0007,COH0003,cohort_family,direct_AH_healthy,primary_direct_AH_healthy,Negativicutes,class,,,,unresolved_mapping,increased_in_AH,CMP0006_LINEAGE_02,ineligible_source_threshold,"FILE0015, Supplementary Table 2 (BT_SAH); FILE0016, Supplementary Table 3 (BT); FILE0021, PDF page 7, Figure 4A"
EVM0040,RPT0007,COH0003,cohort_family,direct_AH_healthy,primary_direct_AH_healthy,Veillonellales,order,,,,unresolved_mapping,increased_in_AH,CMP0006_LINEAGE_02,ineligible_source_threshold,"FILE0015, Supplementary Table 2 (BT_SAH); FILE0016, Supplementary Table 3 (BT); FILE0021, PDF page 7, Figure 4A"
EVM0041,RPT0007,COH0003,cohort_family,direct_AH_healthy,primary_direct_AH_healthy,Veillonellaceae,family,,,,unresolved_mapping,increased_in_AH,CMP0006_LINEAGE_02,ineligible_source_threshold,"FILE0015, Supplementary Table 2 (BT_SAH); FILE0016, Supplementary Table 3 (BT); FILE0021, PDF page 7, Figure 4A"
EVM0042,RPT0007,COH0003,cohort_family,direct_AH_healthy,primary_direct_AH_healthy,Lactobacillus,genus,source_complex::Lactobacillus,,source_complex::Lactobacillus,source_genus_scope_changed_Limosilactobacillus_component,increased_in_AH,CMP0006_LINEAGE_01,unresolved_mapping,"FILE0015, Supplementary Table 2 (BT_SAH); FILE0016, Supplementary Table 3 (BT); FILE0021, PDF page 7, Figure 4A"
EVM0043,RPT0007,COH0003,cohort_family,direct_AH_healthy,primary_direct_AH_healthy,Enterococcaceae,family,,,,unresolved_mapping,increased_in_AH,CMP0006_LINEAGE_01,ineligible_source_threshold,"FILE0015, Supplementary Table 2 (BT_SAH); FILE0016, Supplementary Table 3 (BT); FILE0021, PDF page 7, Figure 4A"
EVM0044,RPT0007,COH0003,cohort_family,direct_AH_healthy,primary_direct_AH_healthy,Enterococcus,genus,Enterococcus,genus,Enterococcus,exact_current_taxon,increased_in_AH,CMP0006_LINEAGE_01,eligible,"FILE0015, Supplementary Table 2 (BT_SAH); FILE0016, Supplementary Table 3 (BT); FILE0021, PDF page 7, Figure 4A"
EVM0045,RPT0007,COH0003,cohort_family,direct_AH_healthy,primary_direct_AH_healthy,Enterococcus faecium group,species,Enterococcus,genus,Enterococcus,exact_current_taxon,increased_in_AH,CMP0006_LINEAGE_01,eligible,"FILE0015, Supplementary Table 2 (BT_SAH); FILE0016, Supplementary Table 3 (BT); FILE0021, PDF page 7, Figure 4A"
EVM0046,RPT0007,COH0003,cohort_family,direct_AH_healthy,primary_direct_AH_healthy,Lactobacillus fermentum group,species,source_complex::Lactobacillus,,source_complex::Lactobacillus,source_genus_scope_changed_Limosilactobacillus_component,increased_in_AH,CMP0006_LINEAGE_01,unresolved_mapping,"FILE0015, Supplementary Table 2 (BT_SAH); FILE0016, Supplementary Table 3 (BT); FILE0021, PDF page 7, Figure 4A"
EVM0047,RPT0007,COH0003,cohort_family,direct_AH_healthy,primary_direct_AH_healthy,PAC000053_g,genus,unresolved::PAC000053_g,,unresolved::PAC000053_g,source_database_label_unresolved,increased_in_AH,CMP0006_LINEAGE_04,unresolved_mapping,"FILE0015, Supplementary Table 2 (BT_SAH); FILE0016, Supplementary Table 3 (BT); FILE0021, PDF page 7, Figure 4A"
EVM0048,RPT0007,COH0003,cohort_family,direct_AH_healthy,primary_direct_AH_healthy,PAC000053_g_uc,species,unresolved::PAC000053_g,,unresolved::PAC000053_g,source_database_label_unresolved,increased_in_AH,CMP0006_LINEAGE_04,unresolved_mapping,"FILE0015, Supplementary Table 2 (BT_SAH); FILE0016, Supplementary Table 3 (BT); FILE0021, PDF page 7, Figure 4A"
EVM0049,RPT0007,COH0003,cohort_family,direct_AH_healthy,primary_direct_AH_healthy,Eubacterium_g23,genus,unresolved::Eubacterium_g23,,unresolved::Eubacterium_g23,source_database_label_unresolved,decreased_in_AH,CMP0006_LINEAGE_05,unresolved_mapping,"FILE0015, Supplementary Table 2 (BT_SAH); FILE0016, Supplementary Table 3 (BT); FILE0021, PDF page 7, Figure 4A"
EVM0050,RPT0007,COH0003,cohort_family,direct_AH_healthy,primary_direct_AH_healthy,Oscillibacter,genus,Oscillibacter,genus,Oscillibacter,exact_current_taxon,decreased_in_AH,CMP0006_LINEAGE_05,eligible,"FILE0015, Supplementary Table 2 (BT_SAH); FILE0016, Supplementary Table 3 (BT); FILE0021, PDF page 7, Figure 4A"
EVM0051,RPT0007,COH0003,cohort_family,direct_AH_healthy,primary_direct_AH_healthy,Clostridiales,order,,,,unresolved_mapping,decreased_in_AH,CMP0006_LINEAGE_05,ineligible_source_threshold,"FILE0015, Supplementary Table 2 (BT_SAH); FILE0016, Supplementary Table 3 (BT); FILE0021, PDF page 7, Figure 4A"
EVM0052,RPT0007,COH0003,cohort_family,direct_AH_healthy,primary_direct_AH_healthy,Clostridia,class,,,,unresolved_mapping,decreased_in_AH,CMP0006_LINEAGE_05,ineligible_source_threshold,"FILE0015, Supplementary Table 2 (BT_SAH); FILE0016, Supplementary Table 3 (BT); FILE0021, PDF page 7, Figure 4A"
EVM0053,RPT0007,COH0003,cohort_family,direct_AH_healthy,primary_direct_AH_healthy,Ruminococcaceae,family,,,,unresolved_mapping,decreased_in_AH,CMP0006_LINEAGE_05,ineligible_source_threshold,"FILE0015, Supplementary Table 2 (BT_SAH); FILE0016, Supplementary Table 3 (BT); FILE0021, PDF page 7, Figure 4A"
EVM0054,RPT0007,COH0003,cohort_family,direct_AH_healthy,primary_direct_AH_healthy,Lachnospiraceae,family,,,,unresolved_mapping,decreased_in_AH,CMP0006_LINEAGE_05,ineligible_source_threshold,"FILE0015, Supplementary Table 2 (BT_SAH); FILE0016, Supplementary Table 3 (BT); FILE0021, PDF page 7, Figure 4A"
EVM0055,RPT0007,COH0003,cohort_family,direct_AH_healthy,primary_direct_AH_healthy,Rikenellaceae,family,,,,unresolved_mapping,decreased_in_AH,CMP0006_LINEAGE_06,ineligible_source_threshold,"FILE0015, Supplementary Table 2 (BT_SAH); FILE0016, Supplementary Table 3 (BT); FILE0021, PDF page 7, Figure 4A"
EVM0056,RPT0007,COH0003,cohort_family,direct_AH_healthy,primary_direct_AH_healthy,Alistipes,genus,Alistipes,genus,Alistipes,exact_current_taxon,decreased_in_AH,CMP0006_LINEAGE_06,eligible,"FILE0015, Supplementary Table 2 (BT_SAH); FILE0016, Supplementary Table 3 (BT); FILE0021, PDF page 7, Figure 4A"
EVM0057,RPT0007,COH0003,cohort_family,direct_AH_healthy,primary_direct_AH_healthy,Prevotellaceae,family,,,,unresolved_mapping,decreased_in_AH,CMP0006_LINEAGE_06,ineligible_source_threshold,"FILE0015, Supplementary Table 2 (BT_SAH); FILE0016, Supplementary Table 3 (BT); FILE0021, PDF page 7, Figure 4A"
EVM0058,RPT0007,COH0003,cohort_family,direct_AH_healthy,primary_direct_AH_healthy,PAC000661_g,genus,unresolved::PAC000661_g,,unresolved::PAC000661_g,source_database_label_unresolved,decreased_in_AH,CMP0006_LINEAGE_05,unresolved_mapping,"FILE0015, Supplementary Table 2 (BT_SAH); FILE0016, Supplementary Table 3 (BT); FILE0021, PDF page 7, Figure 4A"
EVM0059,RPT0007,COH0003,cohort_family,direct_AH_healthy,primary_direct_AH_healthy,Prevotella,genus,source_complex::Prevotella,,source_complex::Prevotella,source_genus_scope_unresolved_after_reclassification,decreased_in_AH,CMP0006_LINEAGE_06,unresolved_mapping,"FILE0015, Supplementary Table 2 (BT_SAH); FILE0016, Supplementary Table 3 (BT); FILE0021, PDF page 7, Figure 4A"
EVM0060,RPT0007,COH0003,cohort_family,direct_AH_healthy,primary_direct_AH_healthy,Bacteroidia,class,,,,unresolved_mapping,decreased_in_AH,CMP0006_LINEAGE_06,ineligible_source_threshold,"FILE0015, Supplementary Table 2 (BT_SAH); FILE0016, Supplementary Table 3 (BT); FILE0021, PDF page 7, Figure 4A"
EVM0061,RPT0007,COH0003,cohort_family,direct_AH_healthy,primary_direct_AH_healthy,Bacteroidales,order,,,,unresolved_mapping,decreased_in_AH,CMP0006_LINEAGE_06,ineligible_source_threshold,"FILE0015, Supplementary Table 2 (BT_SAH); FILE0016, Supplementary Table 3 (BT); FILE0021, PDF page 7, Figure 4A"
EVM0062,RPT0007,COH0003,cohort_family,direct_AH_healthy,primary_direct_AH_healthy,Bacteroidetes,phylum,,,,unresolved_mapping,decreased_in_AH,CMP0006_LINEAGE_06,ineligible_source_threshold,"FILE0015, Supplementary Table 2 (BT_SAH); FILE0016, Supplementary Table 3 (BT); FILE0021, PDF page 7, Figure 4A"
EVM0063,RPT0007,COH0003,cohort_family,direct_AH_healthy,primary_direct_AH_healthy,Erysipelotrichi,class,,,,unresolved_mapping,decreased_in_AH,CMP0006_LINEAGE_07,ineligible_source_threshold,"FILE0015, Supplementary Table 2 (BT_SAH); FILE0016, Supplementary Table 3 (BT); FILE0021, PDF page 7, Figure 4A"
EVM0064,RPT0007,COH0003,cohort_family,direct_AH_healthy,primary_direct_AH_healthy,Erysipelotrichales,order,,,,unresolved_mapping,decreased_in_AH,CMP0006_LINEAGE_07,ineligible_source_threshold,"FILE0015, Supplementary Table 2 (BT_SAH); FILE0016, Supplementary Table 3 (BT); FILE0021, PDF page 7, Figure 4A"
EVM0065,RPT0007,COH0003,cohort_family,direct_AH_healthy,primary_direct_AH_healthy,Erysipelotrichaceae,family,,,,unresolved_mapping,decreased_in_AH,CMP0006_LINEAGE_07,ineligible_source_threshold,"FILE0015, Supplementary Table 2 (BT_SAH); FILE0016, Supplementary Table 3 (BT); FILE0021, PDF page 7, Figure 4A"
EVM0066,RPT0007,COH0003,cohort_family,direct_AH_healthy,primary_direct_AH_healthy,Alistipes putredinis,species,Alistipes,genus,Alistipes,exact_current_taxon,decreased_in_AH,CMP0006_LINEAGE_06,eligible,"FILE0015, Supplementary Table 2 (BT_SAH); FILE0016, Supplementary Table 3 (BT); FILE0021, PDF page 7, Figure 4A"
EVM0067,RPT0007,COH0003,cohort_family,direct_AH_healthy,primary_direct_AH_healthy,Dialister,genus,Dialister,genus,Dialister,exact_current_taxon,decreased_in_AH,CMP0006_LINEAGE_02,eligible,"FILE0015, Supplementary Table 2 (BT_SAH); FILE0016, Supplementary Table 3 (BT); FILE0021, PDF page 7, Figure 4A"
EVM0068,RPT0007,COH0003,cohort_family,direct_AH_healthy,primary_direct_AH_healthy,PAC001304_s,species,source_complex::Prevotella,,source_complex::Prevotella,source_genus_scope_unresolved_after_reclassification,decreased_in_AH,CMP0006_LINEAGE_06,unresolved_mapping,"FILE0015, Supplementary Table 2 (BT_SAH); FILE0016, Supplementary Table 3 (BT); FILE0021, PDF page 7, Figure 4A"
EVM0069,RPT0008,COH0004,cohort_family,direct_AH_healthy,primary_direct_AH_healthy,Klebsiella pneumoniae,species,Klebsiella,genus,Klebsiella,exact_current_taxon,increased_in_AH,not_assigned_without_full_source_lineage,eligible,"FILE0022, PDF page 5, Table 2 and adjacent Results"
EVM0070,RPT0008,COH0004,cohort_family,direct_AH_healthy,primary_direct_AH_healthy,Klebsiella variicola,species,Klebsiella,genus,Klebsiella,exact_current_taxon,increased_in_AH,not_assigned_without_full_source_lineage,eligible,"FILE0022, PDF page 5, Table 2 and adjacent Results"
EVM0071,RPT0008,COH0004,cohort_family,direct_AH_healthy,primary_direct_AH_healthy,Parabacteroides distasonis,species,Parabacteroides,genus,Parabacteroides,exact_current_taxon,increased_in_AH,not_assigned_without_full_source_lineage,eligible,"FILE0022, PDF page 5, Table 2 and adjacent Results"
EVM0072,RPT0008,COH0004,cohort_family,direct_AH_healthy,primary_direct_AH_healthy,Bacteroides finegoldii,species,Bacteroides,genus,Bacteroides,exact_current_taxon,increased_in_AH,not_assigned_without_full_source_lineage,eligible,"FILE0022, PDF page 5, Table 2 and adjacent Results"
EVM0073,RPT0008,COH0004,cohort_family,direct_AH_healthy,primary_direct_AH_healthy,Veillonella dispar,species,Veillonella,genus,Veillonella,exact_current_taxon,increased_in_AH,not_assigned_without_full_source_lineage,eligible,"FILE0022, PDF page 5, Table 2 and adjacent Results"
EVM0074,RPT0008,COH0004,cohort_family,direct_AH_healthy,primary_direct_AH_healthy,Bacteroides thetaiotaomicron,species,Bacteroides,genus,Bacteroides,exact_current_taxon,increased_in_AH,not_assigned_without_full_source_lineage,eligible,"FILE0022, PDF page 5, Table 2 and adjacent Results"
EVM0075,RPT0008,COH0004,cohort_family,direct_AH_healthy,primary_direct_AH_healthy,Clostridium aldenense,species,Enterocloster,genus,Enterocloster,accepted_current_reclassification,increased_in_AH,not_assigned_without_full_source_lineage,eligible,"FILE0022, PDF page 5, Table 2 and adjacent Results"
EVM0076,RPT0008,COH0004,cohort_family,direct_AH_healthy,primary_direct_AH_healthy,Prevotella copri,species,Segatella,genus,Segatella,accepted_current_reclassification,decreased_in_AH,not_assigned_without_full_source_lineage,eligible,"FILE0022, PDF page 5, Table 2 and adjacent Results"
EVM0077,RPT0008,COH0004,cohort_family,direct_AH_healthy,primary_direct_AH_healthy,Succinivibrio dextrinosolvens,species,Succinivibrio,genus,Succinivibrio,exact_current_taxon,decreased_in_AH,not_assigned_without_full_source_lineage,eligible,"FILE0022, PDF page 5, Table 2 and adjacent Results"
EVM0078,RPT0008,COH0004,cohort_family,direct_AH_healthy,primary_direct_AH_healthy,Prevotella stercorea,species,Leyella,genus,Leyella,accepted_current_reclassification,decreased_in_AH,not_assigned_without_full_source_lineage,eligible,"FILE0022, PDF page 5, Table 2 and adjacent Results"
EVM0079,RPT0008,COH0004,cohort_family,direct_AH_healthy,primary_direct_AH_healthy,Dialister succinatiphilus,species,Dialister,genus,Dialister,exact_current_taxon,decreased_in_AH,not_assigned_without_full_source_lineage,eligible,"FILE0022, PDF page 5, Table 2 and adjacent Results"
EVM0080,RPT0008,COH0004,cohort_family,direct_AH_healthy,primary_direct_AH_healthy,Sutterella sp.,species,Sutterella,genus,Sutterella,exact_current_taxon,decreased_in_AH,not_assigned_without_full_source_lineage,eligible,"FILE0022, PDF page 5, Table 2 and adjacent Results"
EVM0081,RPT0008,COH0004,cohort_family,direct_AH_healthy,primary_direct_AH_healthy,Bacteroides plebeius,species,Phocaeicola,genus,Phocaeicola,accepted_current_reclassification,decreased_in_AH,not_assigned_without_full_source_lineage,eligible,"FILE0022, PDF page 5, Table 2 and adjacent Results"
EVM0082,RPT0008,COH0004,cohort_family,direct_AH_healthy,primary_direct_AH_healthy,Gemmiger formicilis,species,Gemmiger,genus,Gemmiger,exact_current_taxon,decreased_in_AH,not_assigned_without_full_source_lineage,eligible,"FILE0022, PDF page 5, Table 2 and adjacent Results"
EVM0083,RPT0008,COH0004,cohort_family,direct_AH_healthy,primary_direct_AH_healthy,Victivallis vadensis,species,Victivallis,genus,Victivallis,exact_current_taxon,decreased_in_AH,not_assigned_without_full_source_lineage,eligible,"FILE0022, PDF page 5, Table 2 and adjacent Results"
EVM0084,RPT0008,COH0004,cohort_family,direct_AH_healthy,primary_direct_AH_healthy,Desulfovibrio piger,species,Desulfovibrio,genus,Desulfovibrio,exact_current_taxon,decreased_in_AH,not_assigned_without_full_source_lineage,eligible,"FILE0022, PDF page 5, Table 2 and adjacent Results"
EVM0085,RPT0011,COH0005,cohort_family,multigroup_ALD_signature,multigroup_corroboration,Escherichia,genus,Escherichia,genus,Escherichia,exact_current_taxon,increased_in_AH,not_assigned_without_full_source_lineage,eligible,"FILE0028, PDF page 4, Results; PDF page 5, Figure 1b/f"
EVM0086,RPT0011,COH0005,cohort_family,multigroup_ALD_signature,multigroup_corroboration,Prevotella,genus,,,,unresolved_mapping,not_a_group_direction,not_assigned_without_full_source_lineage,ineligible_source_threshold,"FILE0028, PDF pages 4-5, Results and Figure 1b/f"
EVM0087,RPT0011,COH0005,cohort_family,multigroup_ALD_signature,multigroup_corroboration,Alistipes,genus,,,,unresolved_mapping,not_a_group_direction,not_assigned_without_full_source_lineage,ineligible_source_threshold,"FILE0028, PDF pages 4-5, Results and Figure 1b/f"
EVM0088,RPT0011,COH0005,cohort_family,multigroup_ALD_signature,multigroup_corroboration,Bacteroides,genus,,,,unresolved_mapping,not_a_group_direction,not_assigned_without_full_source_lineage,ineligible_source_threshold,"FILE0028, PDF pages 4-5, Results and Figure 1b/f"
EVM0089,RPT0011,COH0005,cohort_family,multigroup_ALD_signature,multigroup_corroboration,Parabacteroides,genus,,,,unresolved_mapping,not_a_group_direction,not_assigned_without_full_source_lineage,ineligible_source_threshold,"FILE0028, PDF pages 4-5, Results and Figure 1b/f"
EVM0090,RPT0011,COH0005,cohort_family,multigroup_ALD_signature,multigroup_corroboration,Phascolarctobacterium,genus,,,,unresolved_mapping,not_a_group_direction,not_assigned_without_full_source_lineage,ineligible_source_threshold,"FILE0028, PDF pages 4-5, Results and Figure 1b/f"
EVM0091,RPT0011,COH0005,cohort_family,multigroup_ALD_signature,multigroup_corroboration,Faecalibacterium,genus,,,,unresolved_mapping,not_a_group_direction,not_assigned_without_full_source_lineage,ineligible_source_threshold,"FILE0028, PDF pages 4-5, Results and Figure 1b/f"
EVM0092,RPT0011,COH0005,cohort_family,multigroup_ALD_signature,multigroup_corroboration,Fusobacterium,genus,,,,unresolved_mapping,increased_in_AH,not_assigned_without_full_source_lineage,ineligible_source_threshold,"FILE0028, PDF pages 4-5, Results and Figure 1f"
EVM0093,RPT0015,COH0005,cohort_family,multigroup_ALD_signature,multigroup_corroboration,Prevotella,genus,,,,unresolved_mapping,not_a_group_direction,not_assigned_without_full_source_lineage,ineligible_source_threshold,"FILE0032, PDF page 6, Figure 2f"
EVM0094,RPT0015,COH0005,cohort_family,multigroup_ALD_signature,multigroup_corroboration,Escherichia,genus,,,,unresolved_mapping,not_a_group_direction,not_assigned_without_full_source_lineage,ineligible_source_threshold,"FILE0032, PDF page 6, Figure 2f"
EVM0095,RPT0015,COH0005,cohort_family,multigroup_ALD_signature,multigroup_corroboration,Veillonella,genus,,,,unresolved_mapping,not_a_group_direction,not_assigned_without_full_source_lineage,ineligible_source_threshold,"FILE0032, PDF page 6, Figure 2f"
EVM0096,RPT0015,COH0005,cohort_family,multigroup_ALD_signature,multigroup_corroboration,Faecalibacterium,genus,,,,unresolved_mapping,not_a_group_direction,not_assigned_without_full_source_lineage,ineligible_source_threshold,"FILE0032, PDF page 6, Figure 2f"
EVM0097,RPT0015,COH0005,cohort_family,multigroup_ALD_signature,multigroup_corroboration,Megamonas,genus,,,,unresolved_mapping,not_a_group_direction,not_assigned_without_full_source_lineage,ineligible_source_threshold,"FILE0032, PDF page 6, Figure 2f"
EVM0098,RPT0015,COH0005,cohort_family,multigroup_ALD_signature,multigroup_corroboration,Dialister,genus,,,,unresolved_mapping,not_a_group_direction,not_assigned_without_full_source_lineage,ineligible_source_threshold,"FILE0032, PDF page 6, Figure 2f"
EVM0099,RPT0015,COH0005,cohort_family,multigroup_ALD_signature,multigroup_corroboration,Enterococcus,genus,,,,unresolved_mapping,not_a_group_direction,not_assigned_without_full_source_lineage,ineligible_source_threshold,"FILE0032, PDF page 6, Figure 2f"
EVM0100,RPT0015,COH0005,cohort_family,multigroup_ALD_signature,multigroup_corroboration,Enterobacteriaceae_g,genus,,,,unresolved_mapping,not_a_group_direction,not_assigned_without_full_source_lineage,ineligible_source_threshold,"FILE0032, PDF page 6, Figure 2f"
EVM0101,RPT0015,COH0005,cohort_family,multigroup_ALD_signature,multigroup_corroboration,Lactobacillus,genus,,,,unresolved_mapping,not_a_group_direction,not_assigned_without_full_source_lineage,ineligible_source_threshold,"FILE0032, PDF page 6, Figure 2f"
EVM0102,RPT0015,COH0005,cohort_family,multigroup_ALD_signature,multigroup_corroboration,Alistipes,genus,,,,unresolved_mapping,not_a_group_direction,not_assigned_without_full_source_lineage,ineligible_source_threshold,"FILE0032, PDF page 6, Figure 2f"
EVM0103,RPT0015,COH0005,cohort_family,multigroup_ALD_signature,multigroup_corroboration,Phocaeicola dorei,species_or_species_group,,,,unresolved_mapping,increased_in_AH,not_assigned_without_full_source_lineage,unresolved_mapping,"FILE0032, PDF page 6, Figure 2g"
EVM0104,RPT0015,COH0005,cohort_family,multigroup_ALD_signature,multigroup_corroboration,Lactobacillus helveticus group,species_or_species_group,,,,unresolved_mapping,increased_in_AH,not_assigned_without_full_source_lineage,unresolved_mapping,"FILE0032, PDF page 6, Figure 2g"
EVM0105,RPT0003,COH0002,cohort_family,alcohol_exposed_non_AH,alcohol_exposed_corroboration,Lachnoclostridium hylemonae (Clostridium XIVa),species,,,,unresolved_mapping,decreased_in_AH,,ineligible_source_threshold,"FILE0004, PDF page 14, Table 3 and footnotes"
EVM0106,RPT0003,COH0002,cohort_family,alcohol_exposed_non_AH,alcohol_exposed_corroboration,Lachnoclostridium scindens (Clostridium XIVa),species,,,,unresolved_mapping,decreased_in_AH,,ineligible_source_threshold,"FILE0004, PDF page 14, Table 3 and footnotes"
EVM0107,RPT0003,COH0002,cohort_family,alcohol_exposed_non_AH,alcohol_exposed_corroboration,Lachnoclostridium symbiosum (Clostridium XIVa),species,,,,unresolved_mapping,decreased_in_AH,,ineligible_source_threshold,"FILE0004, PDF page 14, Table 3 and footnotes"
EVM0108,RPT0003,COH0002,cohort_family,alcohol_exposed_non_AH,alcohol_exposed_corroboration,Gordonibacter pamelaeae,species,,,,unresolved_mapping,decreased_in_AH,,ineligible_source_threshold,"FILE0004, PDF page 14, Table 3 and footnotes"
EVM0109,RPT0003,COH0002,cohort_family,alcohol_exposed_non_AH,alcohol_exposed_corroboration,Holdemania filiformis,species,,,,unresolved_mapping,decreased_in_AH,,ineligible_source_threshold,"FILE0004, PDF page 14, Table 3 and footnotes"
EVM0110,RPT0003,COH0002,cohort_family,alcohol_exposed_non_AH,alcohol_exposed_corroboration,Fusobacterium varium,species,,,,unresolved_mapping,increased_in_AH,,ineligible_source_threshold,"FILE0004, PDF page 14, Table 3 and footnotes"
EVM0111,RPT0010,COH0006,cohort_family,alcohol_exposed_non_AH,alcohol_exposed_corroboration,Dorea,genus,,,,unresolved_mapping,increased_in_AH,,unresolved_mapping,"FILE0027, PDF pages 4-5, Results and Figure 1D"
EVM0112,RPT0010,COH0006,cohort_family,alcohol_exposed_non_AH,alcohol_exposed_corroboration,Wolbachia,genus,,,,unresolved_mapping,increased_in_AH,,unresolved_mapping,"FILE0027, PDF pages 4-5, Results and Figure 1D"
EVM0113,RPT0010,COH0006,cohort_family,alcohol_exposed_non_AH,alcohol_exposed_corroboration,Rothia,genus,Rothia,genus,Rothia,exact_current_taxon,increased_in_AH,,eligible,"FILE0027, PDF pages 4-5, Results and Figure 1D"
EVM0114,RPT0010,COH0006,cohort_family,alcohol_exposed_non_AH,alcohol_exposed_corroboration,Actinobacteria,phylum,,,,unresolved_mapping,increased_in_AH,,ineligible_source_threshold,"FILE0027, PDF pages 4-5, Results and Figure 1C"
EVM0115,RPT0010,COH0006,cohort_family,alcohol_exposed_non_AH,alcohol_exposed_corroboration,Bacteroidetes,phylum,,,,unresolved_mapping,decreased_in_AH,,ineligible_source_threshold,"FILE0027, PDF pages 4-5, Results and Figure 1C"
EVM0116,RPT0010,COH0006,cohort_family,alcohol_exposed_non_AH,alcohol_exposed_corroboration,Actinomyces,genus,,,,unresolved_mapping,increased_in_AH,,unresolved_mapping,"FILE0027, PDF pages 4-5, Results and Figure 1C"
EVM0117,RPT0010,COH0006,cohort_family,alcohol_exposed_non_AH,alcohol_exposed_corroboration,Rothia,genus,Rothia,genus,Rothia,exact_current_taxon,increased_in_AH,,eligible,"FILE0027, PDF pages 4-5, Results and Figure 1C"
EVM0118,RPT0010,COH0006,cohort_family,alcohol_exposed_non_AH,alcohol_exposed_corroboration,Bifidobacterium,genus,Bifidobacterium,genus,Bifidobacterium,exact_current_taxon,increased_in_AH,,eligible,"FILE0027, PDF pages 4-5, Results and Figure 1C"
EVM0119,RPT0010,COH0006,cohort_family,alcohol_exposed_non_AH,alcohol_exposed_corroboration,Haemophilus,genus,,,,unresolved_mapping,increased_in_AH,,unresolved_mapping,"FILE0027, PDF pages 4-5, Results and Figure 1C"
EVM0120,RPT0010,COH0006,cohort_family,alcohol_exposed_non_AH,alcohol_exposed_corroboration,Enterobacteriaceae,family,,,,unresolved_mapping,increased_in_AH,,ineligible_source_threshold,"FILE0027, PDF pages 4-5, Results and Figure 1C"
EVM0121,RPT0010,COH0006,cohort_family,alcohol_exposed_non_AH,alcohol_exposed_corroboration,Bilophila,genus,,,,unresolved_mapping,decreased_in_AH,,unresolved_mapping,"FILE0027, PDF pages 4-5, Results and Figure 1C"
EVM0122,RPT0010,COH0006,cohort_family,alcohol_exposed_non_AH,alcohol_exposed_corroboration,Parabacteroides,genus,,,,unresolved_mapping,decreased_in_AH,,unresolved_mapping,"FILE0027, PDF pages 4-5, Results and Figure 1C"
EVM0123,RPT0010,COH0006,cohort_family,alcohol_exposed_non_AH,alcohol_exposed_corroboration,Oscillospira,genus,,,,unresolved_mapping,decreased_in_AH,,unresolved_mapping,"FILE0027, PDF pages 4-5, Results and Figure 1C"
EVM0124,RPT0010,COH0006,cohort_family,alcohol_exposed_non_AH,alcohol_exposed_corroboration,Christensenellaceae,family,,,,unresolved_mapping,decreased_in_AH,,ineligible_source_threshold,"FILE0027, PDF pages 4-5, Results and Figure 1C"
EVM0125,RPT0010,COH0006,cohort_family,alcohol_exposed_non_AH,alcohol_exposed_corroboration,Lactobacillus,genus,,,,unresolved_mapping,increased_in_AH,,unresolved_mapping,"FILE0027, PDF pages 4-5, Results and Figure 1C"
EVM0126,RPT0010,COH0006,cohort_family,alcohol_exposed_non_AH,alcohol_exposed_corroboration,Lactococcus,genus,,,,unresolved_mapping,increased_in_AH,,unresolved_mapping,"FILE0027, PDF pages 4-5, Results and Figure 1C"
EVM0127,RPT0012,COH0007,cohort_family,alcohol_exposed_non_AH,alcohol_exposed_corroboration,Mogibacteriaceae_g,unclassified_genus_level,,,,unresolved_mapping,decreased_in_AH,,ineligible_source_threshold,"FILE0029, PDF page 8, Figure 4"
EVM0128,RPT0012,COH0007,cohort_family,alcohol_exposed_non_AH,alcohol_exposed_corroboration,Rikenellaceae_g,unclassified_genus_level,,,,unresolved_mapping,decreased_in_AH,,ineligible_source_threshold,"FILE0029, PDF page 8, Figure 4"
EVM0129,RPT0012,COH0007,cohort_family,alcohol_exposed_non_AH,alcohol_exposed_corroboration,RF32_g,unclassified_genus_level,,,,unresolved_mapping,decreased_in_AH,,ineligible_source_threshold,"FILE0029, PDF page 8, Figure 4"
EVM0130,RPT0012,COH0007,cohort_family,alcohol_exposed_non_AH,alcohol_exposed_corroboration,Bifidobacterium,genus,Bifidobacterium,genus,Bifidobacterium,exact_current_taxon,increased_in_AH,,eligible,"FILE0029, PDF page 8, Figure 4"
EVM0131,RPT0012,COH0007,cohort_family,alcohol_exposed_non_AH,alcohol_exposed_corroboration,Rothia,genus,Rothia,genus,Rothia,exact_current_taxon,increased_in_AH,,eligible,"FILE0029, PDF page 8, Figure 4"
EVM0132,RPT0012,COH0007,cohort_family,alcohol_exposed_non_AH,alcohol_exposed_corroboration,Aggregatibacter,genus,,,,unresolved_mapping,increased_in_AH,,unresolved_mapping,"FILE0029, PDF page 8, Figure 4"
EVM0133,RPT0020,COH0008,cohort_family,alcohol_exposed_non_AH,alcohol_exposed_corroboration,Bifidobacteria,targeted_bacterial_group,,,,unresolved_mapping,increased_in_AH,,ineligible_source_threshold,"FILE0038, PDF page 2, Results and Figure 1A"
EVM0134,RPT0020,COH0008,cohort_family,alcohol_exposed_non_AH,alcohol_exposed_corroboration,Streptococci,targeted_bacterial_group,,,,unresolved_mapping,increased_in_AH,,ineligible_source_threshold,"FILE0038, PDF page 2, Results and Figure 1A"
EVM0135,RPT0020,COH0008,cohort_family,alcohol_exposed_non_AH,alcohol_exposed_corroboration,Enterobacteria,targeted_bacterial_group,,,,unresolved_mapping,increased_in_AH,,ineligible_source_threshold,"FILE0038, PDF page 2, Results and Figure 1A"
EVM0136,RPT0020,COH0008,cohort_family,alcohol_exposed_non_AH,alcohol_exposed_corroboration,Atopobium,genus,,,,unresolved_mapping,decreased_in_AH,,ineligible_source_threshold,"FILE0038, PDF page 2, Results and Figure 1A"
EVM0137,RPT0020,COH0008,cohort_family,alcohol_exposed_non_AH,alcohol_exposed_corroboration,Clostridium leptum,targeted_species_group,,,,unresolved_mapping,not_a_group_direction,,ineligible_source_threshold,"FILE0038, PDF page 2, Results and Figure 1B"
