scenario_id,estimator,minimum_support,maximum_opposition,metric,defined_replicates,undefined_replicates,mean,monte_carlo_se,p05,p95
ambiguous_taxonomy,M8_provenance_group_resolved_taxon_collapsed,1,0,f1,100,0,0.47402843,0.00547963,0.38453355,0.58609756
ambiguous_taxonomy,M8_provenance_group_resolved_taxon_collapsed,2,0,f1,100,0,0.62159956,0.00816417,0.49868421,0.75862069
ambiguous_taxonomy,M8_provenance_group_resolved_taxon_collapsed,3,0,f1,100,0,0.66226483,0.01130996,0.45454545,0.81893939
ambiguous_taxonomy,M8_provenance_group_resolved_taxon_collapsed,4,0,f1,100,0,0.51938659,0.0149444,0.26666667,0.76380952
ambiguous_taxonomy,M8_provenance_group_resolved_taxon_collapsed,5,0,f1,100,0,0.29630608,0.01583349,0.0,0.58823529
ambiguous_taxonomy,M8_provenance_group_resolved_taxon_collapsed,6,0,f1,100,0,0.09817216,0.01143395,0.0,0.29142857
ambiguous_taxonomy,M8_provenance_group_resolved_taxon_collapsed,7,0,f1,100,0,0.01846154,0.00502459,0.0,0.15384615
ambiguous_taxonomy,M8_provenance_group_resolved_taxon_collapsed,8,0,f1,100,0,0.00307692,0.0021647,0.0,0.0
ambiguous_taxonomy,M8_provenance_group_resolved_taxon_collapsed,1,0,false_discovery_proportion,100,0,0.67502757,0.00451463,0.58546798,0.74285714
ambiguous_taxonomy,M8_provenance_group_resolved_taxon_collapsed,2,0,false_discovery_proportion,100,0,0.49673085,0.00837678,0.35294118,0.625
ambiguous_taxonomy,M8_provenance_group_resolved_taxon_collapsed,3,0,false_discovery_proportion,100,0,0.30459528,0.01260544,0.1,0.50166667
ambiguous_taxonomy,M8_provenance_group_resolved_taxon_collapsed,4,0,false_discovery_proportion,100,0,0.15790079,0.01409202,0.0,0.33666667
ambiguous_taxonomy,M8_provenance_group_resolved_taxon_collapsed,5,0,false_discovery_proportion,94,6,0.03723404,0.01531428,0.0,0.27916667
ambiguous_taxonomy,M8_provenance_group_resolved_taxon_collapsed,6,0,false_discovery_proportion,52,48,0.02564103,0.02015142,0.0,0.0
ambiguous_taxonomy,M8_provenance_group_resolved_taxon_collapsed,7,0,false_discovery_proportion,12,88,0.0,0.0,0.0,0.0
ambiguous_taxonomy,M8_provenance_group_resolved_taxon_collapsed,8,0,false_discovery_proportion,2,98,0.0,0.0,0.0,0.0
ambiguous_taxonomy,M8_provenance_group_resolved_taxon_collapsed,1,0,precision,100,0,0.32497243,0.00451463,0.25714286,0.41453202
ambiguous_taxonomy,M8_provenance_group_resolved_taxon_collapsed,2,0,precision,100,0,0.50326915,0.00837678,0.375,0.64705882
ambiguous_taxonomy,M8_provenance_group_resolved_taxon_collapsed,3,0,precision,100,0,0.69540472,0.01260544,0.49833333,0.9
ambiguous_taxonomy,M8_provenance_group_resolved_taxon_collapsed,4,0,precision,100,0,0.84209921,0.01409202,0.66333333,1.0
ambiguous_taxonomy,M8_provenance_group_resolved_taxon_collapsed,5,0,precision,94,6,0.96276596,0.01531428,0.72083333,1.0
ambiguous_taxonomy,M8_provenance_group_resolved_taxon_collapsed,6,0,precision,52,48,0.97435897,0.02015142,1.0,1.0
ambiguous_taxonomy,M8_provenance_group_resolved_taxon_collapsed,7,0,precision,12,88,1.0,0.0,1.0,1.0
ambiguous_taxonomy,M8_provenance_group_resolved_taxon_collapsed,8,0,precision,2,98,1.0,0.0,1.0,1.0
ambiguous_taxonomy,M8_provenance_group_resolved_taxon_collapsed,1,0,recall,100,0,0.885,0.00852309,0.75,1.0
ambiguous_taxonomy,M8_provenance_group_resolved_taxon_collapsed,2,0,recall,100,0,0.82333333,0.00964289,0.66666667,0.91666667
ambiguous_taxonomy,M8_provenance_group_resolved_taxon_collapsed,3,0,recall,100,0,0.645,0.01343292,0.41666667,0.83333333
ambiguous_taxonomy,M8_provenance_group_resolved_taxon_collapsed,4,0,recall,100,0,0.38916667,0.01426535,0.16666667,0.66666667
ambiguous_taxonomy,M8_provenance_group_resolved_taxon_collapsed,5,0,recall,100,0,0.185,0.01127281,0.0,0.41666667
ambiguous_taxonomy,M8_provenance_group_resolved_taxon_collapsed,6,0,recall,100,0,0.05583333,0.00691205,0.0,0.17083333
ambiguous_taxonomy,M8_provenance_group_resolved_taxon_collapsed,7,0,recall,100,0,0.01,0.00272166,0.0,0.08333333
ambiguous_taxonomy,M8_provenance_group_resolved_taxon_collapsed,8,0,recall,100,0,0.00166667,0.00117254,0.0,0.0
ambiguous_taxonomy,M8_provenance_group_resolved_taxon_collapsed,1,0,selected_pair_count,100,0,33.05,0.39064179,26.0,40.0
ambiguous_taxonomy,M8_provenance_group_resolved_taxon_collapsed,2,0,selected_pair_count,100,0,19.97,0.29420497,15.0,26.0
ambiguous_taxonomy,M8_provenance_group_resolved_taxon_collapsed,3,0,selected_pair_count,100,0,11.3,0.23419753,7.95,15.0
ambiguous_taxonomy,M8_provenance_group_resolved_taxon_collapsed,4,0,selected_pair_count,100,0,5.55,0.18715035,3.0,9.0
ambiguous_taxonomy,M8_provenance_group_resolved_taxon_collapsed,5,0,selected_pair_count,100,0,2.3,0.1344649,0.0,5.0
ambiguous_taxonomy,M8_provenance_group_resolved_taxon_collapsed,6,0,selected_pair_count,100,0,0.69,0.08491826,0.0,3.0
ambiguous_taxonomy,M8_provenance_group_resolved_taxon_collapsed,7,0,selected_pair_count,100,0,0.12,0.03265986,0.0,1.0
ambiguous_taxonomy,M8_provenance_group_resolved_taxon_collapsed,8,0,selected_pair_count,100,0,0.02,0.01407053,0.0,0.0
case_control_imbalance,M8_provenance_group_resolved_taxon_collapsed,1,0,f1,100,0,0.69370338,0.00713752,0.58064516,0.80074074
case_control_imbalance,M8_provenance_group_resolved_taxon_collapsed,2,0,f1,100,0,0.72525007,0.0068393,0.6,0.83333333
case_control_imbalance,M8_provenance_group_resolved_taxon_collapsed,3,0,f1,100,0,0.78653582,0.00714576,0.64285714,0.88989899
case_control_imbalance,M8_provenance_group_resolved_taxon_collapsed,4,0,f1,100,0,0.85506082,0.00684967,0.719,0.95669565
case_control_imbalance,M8_provenance_group_resolved_taxon_collapsed,5,0,f1,100,0,0.871467,0.00745099,0.736,0.95669565
case_control_imbalance,M8_provenance_group_resolved_taxon_collapsed,6,0,f1,100,0,0.8175383,0.00941094,0.66491228,0.95652174
case_control_imbalance,M8_provenance_group_resolved_taxon_collapsed,7,0,f1,100,0,0.62467241,0.01337952,0.4,0.85714286
case_control_imbalance,M8_provenance_group_resolved_taxon_collapsed,8,0,f1,100,0,0.28230683,0.01337583,0.0,0.5
case_control_imbalance,M8_provenance_group_resolved_taxon_collapsed,1,0,false_discovery_proportion,100,0,0.42034764,0.00825083,0.26666667,0.53375
case_control_imbalance,M8_provenance_group_resolved_taxon_collapsed,2,0,false_discovery_proportion,100,0,0.37500241,0.00818592,0.22994505,0.5
case_control_imbalance,M8_provenance_group_resolved_taxon_collapsed,3,0,false_discovery_proportion,100,0,0.27847081,0.00911465,0.09090909,0.41688596
case_control_imbalance,M8_provenance_group_resolved_taxon_collapsed,4,0,false_discovery_proportion,100,0,0.14952961,0.00868533,0.0,0.27337662
case_control_imbalance,M8_provenance_group_resolved_taxon_collapsed,5,0,false_discovery_proportion,100,0,0.06963586,0.00756177,0.0,0.22264957
case_control_imbalance,M8_provenance_group_resolved_taxon_collapsed,6,0,false_discovery_proportion,100,0,0.02868867,0.00561597,0.0,0.14404762
case_control_imbalance,M8_provenance_group_resolved_taxon_collapsed,7,0,false_discovery_proportion,100,0,0.00977381,0.00395258,0.0,0.12589286
case_control_imbalance,M8_provenance_group_resolved_taxon_collapsed,8,0,false_discovery_proportion,94,6,0.0035461,0.0035461,0.0,0.0
case_control_imbalance,M8_provenance_group_resolved_taxon_collapsed,1,0,precision,100,0,0.57965236,0.00825083,0.46625,0.73333333
case_control_imbalance,M8_provenance_group_resolved_taxon_collapsed,2,0,precision,100,0,0.62499759,0.00818592,0.5,0.77005495
case_control_imbalance,M8_provenance_group_resolved_taxon_collapsed,3,0,precision,100,0,0.72152919,0.00911465,0.58311404,0.90909091
case_control_imbalance,M8_provenance_group_resolved_taxon_collapsed,4,0,precision,100,0,0.85047039,0.00868533,0.72662338,1.0
case_control_imbalance,M8_provenance_group_resolved_taxon_collapsed,5,0,precision,100,0,0.93036414,0.00756177,0.77735043,1.0
case_control_imbalance,M8_provenance_group_resolved_taxon_collapsed,6,0,precision,100,0,0.97131133,0.00561597,0.85595238,1.0
case_control_imbalance,M8_provenance_group_resolved_taxon_collapsed,7,0,precision,100,0,0.99022619,0.00395258,0.87410714,1.0
case_control_imbalance,M8_provenance_group_resolved_taxon_collapsed,8,0,precision,94,6,0.9964539,0.0035461,1.0,1.0
case_control_imbalance,M8_provenance_group_resolved_taxon_collapsed,1,0,recall,100,0,0.875,0.00898152,0.75,1.0
case_control_imbalance,M8_provenance_group_resolved_taxon_collapsed,2,0,recall,100,0,0.875,0.00898152,0.75,1.0
case_control_imbalance,M8_provenance_group_resolved_taxon_collapsed,3,0,recall,100,0,0.87416667,0.00890269,0.75,1.0
case_control_imbalance,M8_provenance_group_resolved_taxon_collapsed,4,0,recall,100,0,0.8675,0.00894984,0.75,1.0
case_control_imbalance,M8_provenance_group_resolved_taxon_collapsed,5,0,recall,100,0,0.82833333,0.01064818,0.58333333,0.92083333
case_control_imbalance,M8_provenance_group_resolved_taxon_collapsed,6,0,recall,100,0,0.71666667,0.01292081,0.5,0.91666667
case_control_imbalance,M8_provenance_group_resolved_taxon_collapsed,7,0,recall,100,0,0.47,0.01433721,0.25,0.75
case_control_imbalance,M8_provenance_group_resolved_taxon_collapsed,8,0,recall,100,0,0.17166667,0.00938783,0.0,0.33333333
case_control_imbalance,M8_provenance_group_resolved_taxon_collapsed,1,0,selected_pair_count,100,0,18.38,0.26161117,14.0,23.0
case_control_imbalance,M8_provenance_group_resolved_taxon_collapsed,2,0,selected_pair_count,100,0,17.03,0.24554824,13.0,21.0
case_control_imbalance,M8_provenance_group_resolved_taxon_collapsed,3,0,selected_pair_count,100,0,14.72,0.20747642,11.95,18.0
case_control_imbalance,M8_provenance_group_resolved_taxon_collapsed,4,0,selected_pair_count,100,0,12.35,0.16779918,10.0,15.0
case_control_imbalance,M8_provenance_group_resolved_taxon_collapsed,5,0,selected_pair_count,100,0,10.75,0.15914862,8.0,13.0
case_control_imbalance,M8_provenance_group_resolved_taxon_collapsed,6,0,selected_pair_count,100,0,8.88,0.16408916,6.0,11.0
case_control_imbalance,M8_provenance_group_resolved_taxon_collapsed,7,0,selected_pair_count,100,0,5.7,0.17262091,3.0,9.0
case_control_imbalance,M8_provenance_group_resolved_taxon_collapsed,8,0,selected_pair_count,100,0,2.07,0.1130433,0.0,4.0
combined_stress,M8_provenance_group_resolved_taxon_collapsed,1,0,f1,100,0,0.27649628,0.00801879,0.14285714,0.4
combined_stress,M8_provenance_group_resolved_taxon_collapsed,2,0,f1,100,0,0.27364073,0.00992452,0.14285714,0.45175953
combined_stress,M8_provenance_group_resolved_taxon_collapsed,3,0,f1,100,0,0.16787776,0.01102339,0.0,0.33333333
combined_stress,M8_provenance_group_resolved_taxon_collapsed,4,0,f1,100,0,0.06793132,0.00863594,0.0,0.15948718
combined_stress,M8_provenance_group_resolved_taxon_collapsed,5,0,f1,100,0,0.01659341,0.0047465,0.0,0.15384615
combined_stress,M8_provenance_group_resolved_taxon_collapsed,6,0,f1,100,0,0.00307692,0.0021647,0.0,0.0
combined_stress,M8_provenance_group_resolved_taxon_collapsed,7,0,f1,100,0,0.0,0.0,0.0,0.0
combined_stress,M8_provenance_group_resolved_taxon_collapsed,8,0,f1,98,0,0.0,0.0,0.0,0.0
combined_stress,M8_provenance_group_resolved_taxon_collapsed,1,0,false_discovery_proportion,100,0,0.80799077,0.0056818,0.71428571,0.9
combined_stress,M8_provenance_group_resolved_taxon_collapsed,2,0,false_discovery_proportion,100,0,0.73111748,0.0099497,0.57098214,0.875
combined_stress,M8_provenance_group_resolved_taxon_collapsed,3,0,false_discovery_proportion,100,0,0.61316667,0.028727,0.0,1.0
combined_stress,M8_provenance_group_resolved_taxon_collapsed,4,0,false_discovery_proportion,65,35,0.45769231,0.05708728,0.0,1.0
combined_stress,M8_provenance_group_resolved_taxon_collapsed,5,0,false_discovery_proportion,17,83,0.44117647,0.11247837,0.0,1.0
combined_stress,M8_provenance_group_resolved_taxon_collapsed,6,0,false_discovery_proportion,2,98,0.0,0.0,0.0,0.0
combined_stress,M8_provenance_group_resolved_taxon_collapsed,7,0,false_discovery_proportion,0,100,,,,
combined_stress,M8_provenance_group_resolved_taxon_collapsed,8,0,false_discovery_proportion,0,98,,,,
combined_stress,M8_provenance_group_resolved_taxon_collapsed,1,0,precision,100,0,0.19200923,0.0056818,0.1,0.28571429
combined_stress,M8_provenance_group_resolved_taxon_collapsed,2,0,precision,100,0,0.26888252,0.0099497,0.125,0.42901786
combined_stress,M8_provenance_group_resolved_taxon_collapsed,3,0,precision,100,0,0.38683333,0.028727,0.0,1.0
combined_stress,M8_provenance_group_resolved_taxon_collapsed,4,0,precision,65,35,0.54230769,0.05708728,0.0,1.0
combined_stress,M8_provenance_group_resolved_taxon_collapsed,5,0,precision,17,83,0.55882353,0.11247837,0.0,1.0
combined_stress,M8_provenance_group_resolved_taxon_collapsed,6,0,precision,2,98,1.0,0.0,1.0,1.0
combined_stress,M8_provenance_group_resolved_taxon_collapsed,7,0,precision,0,100,,,,
combined_stress,M8_provenance_group_resolved_taxon_collapsed,8,0,precision,0,98,,,,
combined_stress,M8_provenance_group_resolved_taxon_collapsed,1,0,recall,100,0,0.5,0.01493533,0.25,0.67083333
combined_stress,M8_provenance_group_resolved_taxon_collapsed,2,0,recall,100,0,0.29166667,0.01261868,0.16666667,0.5
combined_stress,M8_provenance_group_resolved_taxon_collapsed,3,0,recall,100,0,0.11416667,0.00817656,0.0,0.25
combined_stress,M8_provenance_group_resolved_taxon_collapsed,4,0,recall,100,0,0.03833333,0.00494356,0.0,0.0875
combined_stress,M8_provenance_group_resolved_taxon_collapsed,5,0,recall,100,0,0.00916667,0.00262055,0.0,0.08333333
combined_stress,M8_provenance_group_resolved_taxon_collapsed,6,0,recall,100,0,0.00166667,0.00117254,0.0,0.0
combined_stress,M8_provenance_group_resolved_taxon_collapsed,7,0,recall,100,0,0.0,0.0,0.0,0.0
combined_stress,M8_provenance_group_resolved_taxon_collapsed,8,0,recall,98,0,0.0,0.0,0.0,0.0
combined_stress,M8_provenance_group_resolved_taxon_collapsed,1,0,selected_pair_count,100,0,31.37,0.40915162,25.0,37.05
combined_stress,M8_provenance_group_resolved_taxon_collapsed,2,0,selected_pair_count,100,0,13.2,0.34641016,8.0,19.05
combined_stress,M8_provenance_group_resolved_taxon_collapsed,3,0,selected_pair_count,100,0,3.82,0.18769199,1.0,7.0
combined_stress,M8_provenance_group_resolved_taxon_collapsed,4,0,selected_pair_count,100,0,0.93,0.08905225,0.0,3.0
combined_stress,M8_provenance_group_resolved_taxon_collapsed,5,0,selected_pair_count,100,0,0.2,0.04714045,0.0,1.0
combined_stress,M8_provenance_group_resolved_taxon_collapsed,6,0,selected_pair_count,100,0,0.02,0.01407053,0.0,0.0
combined_stress,M8_provenance_group_resolved_taxon_collapsed,7,0,selected_pair_count,100,0,0.0,0.0,0.0,0.0
combined_stress,M8_provenance_group_resolved_taxon_collapsed,8,0,selected_pair_count,98,0,0.0,0.0,0.0,0.0
comparator_leakage,M8_provenance_group_resolved_taxon_collapsed,1,0,f1,100,0,0.68862123,0.00781696,0.57098214,0.80074074
comparator_leakage,M8_provenance_group_resolved_taxon_collapsed,2,0,f1,100,0,0.72643158,0.00803428,0.61461538,0.85776398
comparator_leakage,M8_provenance_group_resolved_taxon_collapsed,3,0,f1,100,0,0.79211952,0.00808092,0.64504608,0.91698718
comparator_leakage,M8_provenance_group_resolved_taxon_collapsed,4,0,f1,100,0,0.8566492,0.00745847,0.7397037,0.96
comparator_leakage,M8_provenance_group_resolved_taxon_collapsed,5,0,f1,100,0,0.88155548,0.00670315,0.76190476,1.0
comparator_leakage,M8_provenance_group_resolved_taxon_collapsed,6,0,f1,100,0,0.8300237,0.00821631,0.7,0.95652174
comparator_leakage,M8_provenance_group_resolved_taxon_collapsed,7,0,f1,100,0,0.65553796,0.01167202,0.5,0.80285714
comparator_leakage,M8_provenance_group_resolved_taxon_collapsed,8,0,f1,100,0,0.3145432,0.01549879,0.0,0.58823529
comparator_leakage,M8_provenance_group_resolved_taxon_collapsed,1,0,false_discovery_proportion,100,0,0.42908559,0.0086369,0.28571429,0.5505
comparator_leakage,M8_provenance_group_resolved_taxon_collapsed,2,0,false_discovery_proportion,100,0,0.37439088,0.00972264,0.16602564,0.5
comparator_leakage,M8_provenance_group_resolved_taxon_collapsed,3,0,false_discovery_proportion,100,0,0.27044302,0.01044923,0.09090909,0.421875
comparator_leakage,M8_provenance_group_resolved_taxon_collapsed,4,0,false_discovery_proportion,100,0,0.15091727,0.00969744,0.0,0.30769231
comparator_leakage,M8_provenance_group_resolved_taxon_collapsed,5,0,false_discovery_proportion,100,0,0.06756124,0.00699002,0.0,0.21510989
comparator_leakage,M8_provenance_group_resolved_taxon_collapsed,6,0,false_discovery_proportion,100,0,0.02911072,0.00518803,0.0,0.125
comparator_leakage,M8_provenance_group_resolved_taxon_collapsed,7,0,false_discovery_proportion,100,0,0.00870635,0.00354198,0.0,0.11180556
comparator_leakage,M8_provenance_group_resolved_taxon_collapsed,8,0,false_discovery_proportion,93,7,0.01433692,0.01129731,0.0,0.0
comparator_leakage,M8_provenance_group_resolved_taxon_collapsed,1,0,precision,100,0,0.57091441,0.0086369,0.4495,0.71428571
comparator_leakage,M8_provenance_group_resolved_taxon_collapsed,2,0,precision,100,0,0.62560912,0.00972264,0.5,0.83397436
comparator_leakage,M8_provenance_group_resolved_taxon_collapsed,3,0,precision,100,0,0.72955698,0.01044923,0.578125,0.90909091
comparator_leakage,M8_provenance_group_resolved_taxon_collapsed,4,0,precision,100,0,0.84908273,0.00969744,0.69230769,1.0
comparator_leakage,M8_provenance_group_resolved_taxon_collapsed,5,0,precision,100,0,0.93243876,0.00699002,0.78489011,1.0
comparator_leakage,M8_provenance_group_resolved_taxon_collapsed,6,0,precision,100,0,0.97088928,0.00518803,0.875,1.0
comparator_leakage,M8_provenance_group_resolved_taxon_collapsed,7,0,precision,100,0,0.99129365,0.00354198,0.88819444,1.0
comparator_leakage,M8_provenance_group_resolved_taxon_collapsed,8,0,precision,93,7,0.98566308,0.01129731,1.0,1.0
comparator_leakage,M8_provenance_group_resolved_taxon_collapsed,1,0,recall,100,0,0.87833333,0.00950663,0.75,1.0
comparator_leakage,M8_provenance_group_resolved_taxon_collapsed,2,0,recall,100,0,0.87833333,0.00950663,0.75,1.0
comparator_leakage,M8_provenance_group_resolved_taxon_collapsed,3,0,recall,100,0,0.87833333,0.00950663,0.75,1.0
comparator_leakage,M8_provenance_group_resolved_taxon_collapsed,4,0,recall,100,0,0.87333333,0.00943701,0.75,1.0
comparator_leakage,M8_provenance_group_resolved_taxon_collapsed,5,0,recall,100,0,0.84333333,0.01,0.66666667,1.0
comparator_leakage,M8_provenance_group_resolved_taxon_collapsed,6,0,recall,100,0,0.73416667,0.01206133,0.58333333,0.91666667
comparator_leakage,M8_provenance_group_resolved_taxon_collapsed,7,0,recall,100,0,0.50083333,0.01278409,0.33333333,0.67083333
comparator_leakage,M8_provenance_group_resolved_taxon_collapsed,8,0,recall,100,0,0.19666667,0.01095343,0.0,0.41666667
comparator_leakage,M8_provenance_group_resolved_taxon_collapsed,1,0,selected_pair_count,100,0,18.73,0.25735838,14.0,22.0
comparator_leakage,M8_provenance_group_resolved_taxon_collapsed,2,0,selected_pair_count,100,0,17.13,0.25411959,13.0,21.0
comparator_leakage,M8_provenance_group_resolved_taxon_collapsed,3,0,selected_pair_count,100,0,14.69,0.23341773,11.0,19.0
comparator_leakage,M8_provenance_group_resolved_taxon_collapsed,4,0,selected_pair_count,100,0,12.48,0.18061623,10.0,15.05
comparator_leakage,M8_provenance_group_resolved_taxon_collapsed,5,0,selected_pair_count,100,0,10.91,0.14913556,8.95,13.0
comparator_leakage,M8_provenance_group_resolved_taxon_collapsed,6,0,selected_pair_count,100,0,9.1,0.1573133,7.0,12.0
comparator_leakage,M8_provenance_group_resolved_taxon_collapsed,7,0,selected_pair_count,100,0,6.07,0.15586513,4.0,9.0
comparator_leakage,M8_provenance_group_resolved_taxon_collapsed,8,0,selected_pair_count,100,0,2.38,0.13009709,0.0,5.0
duplicate_nested_reports,M8_provenance_group_resolved_taxon_collapsed,1,0,f1,100,0,0.81969778,0.00733805,0.68965517,0.92307692
duplicate_nested_reports,M8_provenance_group_resolved_taxon_collapsed,2,0,f1,100,0,0.82691659,0.00735998,0.71305419,0.92307692
duplicate_nested_reports,M8_provenance_group_resolved_taxon_collapsed,3,0,f1,100,0,0.84596669,0.00729295,0.71971429,0.96
duplicate_nested_reports,M8_provenance_group_resolved_taxon_collapsed,4,0,f1,100,0,0.87236108,0.00642943,0.76870027,0.96
duplicate_nested_reports,M8_provenance_group_resolved_taxon_collapsed,5,0,f1,100,0,0.89711027,0.0058357,0.8,1.0
duplicate_nested_reports,M8_provenance_group_resolved_taxon_collapsed,6,0,f1,100,0,0.87645249,0.00744519,0.76065163,0.96
duplicate_nested_reports,M8_provenance_group_resolved_taxon_collapsed,7,0,f1,100,0,0.74851183,0.01291862,0.5,0.90909091
duplicate_nested_reports,M8_provenance_group_resolved_taxon_collapsed,8,0,f1,100,0,0.37953994,0.01841568,0.0,0.59215686
duplicate_nested_reports,M8_provenance_group_resolved_taxon_collapsed,1,0,false_discovery_proportion,100,0,0.24120654,0.00961341,0.0905303,0.41176471
duplicate_nested_reports,M8_provenance_group_resolved_taxon_collapsed,2,0,false_discovery_proportion,100,0,0.22811882,0.01013987,0.07307692,0.4
duplicate_nested_reports,M8_provenance_group_resolved_taxon_collapsed,3,0,false_discovery_proportion,100,0,0.19431538,0.0104091,0.0,0.375
duplicate_nested_reports,M8_provenance_group_resolved_taxon_collapsed,4,0,false_discovery_proportion,100,0,0.14486187,0.0091386,0.0,0.300625
duplicate_nested_reports,M8_provenance_group_resolved_taxon_collapsed,5,0,false_discovery_proportion,100,0,0.08210101,0.00780405,0.0,0.23076923
duplicate_nested_reports,M8_provenance_group_resolved_taxon_collapsed,6,0,false_discovery_proportion,100,0,0.03600139,0.00504116,0.0,0.14285714
duplicate_nested_reports,M8_provenance_group_resolved_taxon_collapsed,7,0,false_discovery_proportion,100,0,0.01737374,0.00537387,0.0,0.11180556
duplicate_nested_reports,M8_provenance_group_resolved_taxon_collapsed,8,0,false_discovery_proportion,94,6,0.01276596,0.01082652,0.0,0.0
duplicate_nested_reports,M8_provenance_group_resolved_taxon_collapsed,1,0,precision,100,0,0.75879346,0.00961341,0.58823529,0.9094697
duplicate_nested_reports,M8_provenance_group_resolved_taxon_collapsed,2,0,precision,100,0,0.77188118,0.01013987,0.6,0.92692308
duplicate_nested_reports,M8_provenance_group_resolved_taxon_collapsed,3,0,precision,100,0,0.80568462,0.0104091,0.625,1.0
duplicate_nested_reports,M8_provenance_group_resolved_taxon_collapsed,4,0,precision,100,0,0.85513813,0.0091386,0.699375,1.0
duplicate_nested_reports,M8_provenance_group_resolved_taxon_collapsed,5,0,precision,100,0,0.91789899,0.00780405,0.76923077,1.0
duplicate_nested_reports,M8_provenance_group_resolved_taxon_collapsed,6,0,precision,100,0,0.96399861,0.00504116,0.85714286,1.0
duplicate_nested_reports,M8_provenance_group_resolved_taxon_collapsed,7,0,precision,100,0,0.98262626,0.00537387,0.88819444,1.0
duplicate_nested_reports,M8_provenance_group_resolved_taxon_collapsed,8,0,precision,94,6,0.98723404,0.01082652,1.0,1.0
duplicate_nested_reports,M8_provenance_group_resolved_taxon_collapsed,1,0,recall,100,0,0.90166667,0.00857233,0.75,1.0
duplicate_nested_reports,M8_provenance_group_resolved_taxon_collapsed,2,0,recall,100,0,0.90166667,0.00857233,0.75,1.0
duplicate_nested_reports,M8_provenance_group_resolved_taxon_collapsed,3,0,recall,100,0,0.90166667,0.00857233,0.75,1.0
duplicate_nested_reports,M8_provenance_group_resolved_taxon_collapsed,4,0,recall,100,0,0.9,0.00862291,0.75,1.0
duplicate_nested_reports,M8_provenance_group_resolved_taxon_collapsed,5,0,recall,100,0,0.88583333,0.00899362,0.75,1.0
duplicate_nested_reports,M8_provenance_group_resolved_taxon_collapsed,6,0,recall,100,0,0.81333333,0.01208602,0.6625,1.0
duplicate_nested_reports,M8_provenance_group_resolved_taxon_collapsed,7,0,recall,100,0,0.61916667,0.01550022,0.33333333,0.83333333
duplicate_nested_reports,M8_provenance_group_resolved_taxon_collapsed,8,0,recall,100,0,0.25,0.01391412,0.0,0.42083333
duplicate_nested_reports,M8_provenance_group_resolved_taxon_collapsed,1,0,selected_pair_count,100,0,14.47,0.21902216,11.0,18.0
duplicate_nested_reports,M8_provenance_group_resolved_taxon_collapsed,2,0,selected_pair_count,100,0,14.24,0.21932864,11.0,18.0
duplicate_nested_reports,M8_provenance_group_resolved_taxon_collapsed,3,0,selected_pair_count,100,0,13.64,0.20962689,11.0,17.05
duplicate_nested_reports,M8_provenance_group_resolved_taxon_collapsed,4,0,selected_pair_count,100,0,12.78,0.18887225,10.0,16.0
duplicate_nested_reports,M8_provenance_group_resolved_taxon_collapsed,5,0,selected_pair_count,100,0,11.68,0.16689681,9.0,14.0
duplicate_nested_reports,M8_provenance_group_resolved_taxon_collapsed,6,0,selected_pair_count,100,0,10.16,0.16740443,7.95,13.0
duplicate_nested_reports,M8_provenance_group_resolved_taxon_collapsed,7,0,selected_pair_count,100,0,7.55,0.18715035,4.0,10.05
duplicate_nested_reports,M8_provenance_group_resolved_taxon_collapsed,8,0,selected_pair_count,100,0,3.02,0.16635122,0.0,5.05
high_zero_inflation,M8_provenance_group_resolved_taxon_collapsed,1,0,f1,100,0,0.50196271,0.00531491,0.42237762,0.57926829
high_zero_inflation,M8_provenance_group_resolved_taxon_collapsed,2,0,f1,100,0,0.68228463,0.00771593,0.55536398,0.8
high_zero_inflation,M8_provenance_group_resolved_taxon_collapsed,3,0,f1,100,0,0.8023962,0.00801073,0.66666667,0.92307692
high_zero_inflation,M8_provenance_group_resolved_taxon_collapsed,4,0,f1,100,0,0.7823457,0.00975412,0.63454545,0.95652174
high_zero_inflation,M8_provenance_group_resolved_taxon_collapsed,5,0,f1,100,0,0.62419174,0.01282201,0.4,0.80285714
high_zero_inflation,M8_provenance_group_resolved_taxon_collapsed,6,0,f1,100,0,0.36385466,0.01611138,0.0,0.58823529
high_zero_inflation,M8_provenance_group_resolved_taxon_collapsed,7,0,f1,100,0,0.12820879,0.01219453,0.0,0.28571429
high_zero_inflation,M8_provenance_group_resolved_taxon_collapsed,8,0,f1,100,0,0.01692308,0.00483794,0.0,0.15384615
high_zero_inflation,M8_provenance_group_resolved_taxon_collapsed,1,0,false_discovery_proportion,100,0,0.65164592,0.0044425,0.57692308,0.7190625
high_zero_inflation,M8_provenance_group_resolved_taxon_collapsed,2,0,false_discovery_proportion,100,0,0.44395281,0.00869042,0.28571429,0.56521739
high_zero_inflation,M8_provenance_group_resolved_taxon_collapsed,3,0,false_discovery_proportion,100,0,0.22171066,0.00991612,0.07307692,0.38482906
high_zero_inflation,M8_provenance_group_resolved_taxon_collapsed,4,0,false_discovery_proportion,100,0,0.09364569,0.01054177,0.0,0.27337662
high_zero_inflation,M8_provenance_group_resolved_taxon_collapsed,5,0,false_discovery_proportion,100,0,0.05074639,0.00922418,0.0,0.25
high_zero_inflation,M8_provenance_group_resolved_taxon_collapsed,6,0,false_discovery_proportion,96,4,0.05451389,0.01967617,0.0,0.375
high_zero_inflation,M8_provenance_group_resolved_taxon_collapsed,7,0,false_discovery_proportion,61,39,0.01639344,0.01149491,0.0,0.0
high_zero_inflation,M8_provenance_group_resolved_taxon_collapsed,8,0,false_discovery_proportion,11,89,0.0,0.0,0.0,0.0
high_zero_inflation,M8_provenance_group_resolved_taxon_collapsed,1,0,precision,100,0,0.34835408,0.0044425,0.2809375,0.42307692
high_zero_inflation,M8_provenance_group_resolved_taxon_collapsed,2,0,precision,100,0,0.55604719,0.00869042,0.43478261,0.71428571
high_zero_inflation,M8_provenance_group_resolved_taxon_collapsed,3,0,precision,100,0,0.77828934,0.00991612,0.61517094,0.92692308
high_zero_inflation,M8_provenance_group_resolved_taxon_collapsed,4,0,precision,100,0,0.90635431,0.01054177,0.72662338,1.0
high_zero_inflation,M8_provenance_group_resolved_taxon_collapsed,5,0,precision,100,0,0.94925361,0.00922418,0.75,1.0
high_zero_inflation,M8_provenance_group_resolved_taxon_collapsed,6,0,precision,96,4,0.94548611,0.01967617,0.625,1.0
high_zero_inflation,M8_provenance_group_resolved_taxon_collapsed,7,0,precision,61,39,0.98360656,0.01149491,1.0,1.0
high_zero_inflation,M8_provenance_group_resolved_taxon_collapsed,8,0,precision,11,89,1.0,0.0,1.0,1.0
high_zero_inflation,M8_provenance_group_resolved_taxon_collapsed,1,0,recall,100,0,0.90666667,0.00839873,0.75,1.0
high_zero_inflation,M8_provenance_group_resolved_taxon_collapsed,2,0,recall,100,0,0.89666667,0.00910717,0.75,1.0
high_zero_inflation,M8_provenance_group_resolved_taxon_collapsed,3,0,recall,100,0,0.84166667,0.01126783,0.6625,1.0
high_zero_inflation,M8_provenance_group_resolved_taxon_collapsed,4,0,recall,100,0,0.69916667,0.01275113,0.5,0.91666667
high_zero_inflation,M8_provenance_group_resolved_taxon_collapsed,5,0,recall,100,0,0.47833333,0.01389495,0.25,0.67083333
high_zero_inflation,M8_provenance_group_resolved_taxon_collapsed,6,0,recall,100,0,0.235,0.01186697,0.0,0.41666667
high_zero_inflation,M8_provenance_group_resolved_taxon_collapsed,7,0,recall,100,0,0.07333333,0.00732828,0.0,0.16666667
high_zero_inflation,M8_provenance_group_resolved_taxon_collapsed,8,0,recall,100,0,0.00916667,0.00262055,0.0,0.08333333
high_zero_inflation,M8_provenance_group_resolved_taxon_collapsed,1,0,selected_pair_count,100,0,31.55,0.35714214,26.0,37.0
high_zero_inflation,M8_provenance_group_resolved_taxon_collapsed,2,0,selected_pair_count,100,0,19.72,0.31077615,14.0,25.0
high_zero_inflation,M8_provenance_group_resolved_taxon_collapsed,3,0,selected_pair_count,100,0,13.17,0.23357347,9.95,17.0
high_zero_inflation,M8_provenance_group_resolved_taxon_collapsed,4,0,selected_pair_count,100,0,9.34,0.17878377,7.0,13.0
high_zero_inflation,M8_provenance_group_resolved_taxon_collapsed,5,0,selected_pair_count,100,0,6.08,0.1773429,3.0,9.0
high_zero_inflation,M8_provenance_group_resolved_taxon_collapsed,6,0,selected_pair_count,100,0,2.92,0.13830138,1.0,5.0
high_zero_inflation,M8_provenance_group_resolved_taxon_collapsed,7,0,selected_pair_count,100,0,0.9,0.08932971,0.0,2.0
high_zero_inflation,M8_provenance_group_resolved_taxon_collapsed,8,0,selected_pair_count,100,0,0.11,0.0314466,0.0,1.0
incorrect_family_merge,M8_provenance_group_resolved_taxon_collapsed,1,0,f1,100,0,0.5039607,0.00798666,0.41502928,0.65050193
incorrect_family_merge,M8_provenance_group_resolved_taxon_collapsed,2,0,f1,98,0,0.65270068,0.00688721,0.55775194,0.76300366
incorrect_family_merge,M8_provenance_group_resolved_taxon_collapsed,3,0,f1,81,0,0.73725263,0.01130153,0.55555556,0.88
incorrect_family_merge,M8_provenance_group_resolved_taxon_collapsed,4,0,f1,54,0,0.75464778,0.0183891,0.54532164,0.93183333
incorrect_family_merge,M8_provenance_group_resolved_taxon_collapsed,5,0,f1,27,0,0.68179947,0.0308406,0.4,0.91439394
incorrect_family_merge,M8_provenance_group_resolved_taxon_collapsed,6,0,f1,12,0,0.54537787,0.06421806,0.15384615,0.8
incorrect_family_merge,M8_provenance_group_resolved_taxon_collapsed,7,0,f1,3,0,0.42464986,0.08819571,0.29714286,0.56941176
incorrect_family_merge,M8_provenance_group_resolved_taxon_collapsed,8,0,f1,1,0,0.4,0.0,0.4,0.4
incorrect_family_merge,M8_provenance_group_resolved_taxon_collapsed,1,0,false_discovery_proportion,100,0,0.65046761,0.00843215,0.47787724,0.73362319
incorrect_family_merge,M8_provenance_group_resolved_taxon_collapsed,2,0,false_discovery_proportion,98,0,0.46062604,0.01141602,0.24583333,0.5937037
incorrect_family_merge,M8_provenance_group_resolved_taxon_collapsed,3,0,false_discovery_proportion,81,0,0.2542291,0.01422158,0.0,0.42857143
incorrect_family_merge,M8_provenance_group_resolved_taxon_collapsed,4,0,false_discovery_proportion,54,0,0.099075,0.01337502,0.0,0.25795455
incorrect_family_merge,M8_provenance_group_resolved_taxon_collapsed,5,0,false_discovery_proportion,27,0,0.06281373,0.01591931,0.0,0.20555556
incorrect_family_merge,M8_provenance_group_resolved_taxon_collapsed,6,0,false_discovery_proportion,12,0,0.0,0.0,0.0,0.0
incorrect_family_merge,M8_provenance_group_resolved_taxon_collapsed,7,0,false_discovery_proportion,3,0,0.0,0.0,0.0,0.0
incorrect_family_merge,M8_provenance_group_resolved_taxon_collapsed,8,0,false_discovery_proportion,1,0,0.0,0.0,0.0,0.0
incorrect_family_merge,M8_provenance_group_resolved_taxon_collapsed,1,0,precision,100,0,0.34953239,0.00843215,0.26637681,0.52212276
incorrect_family_merge,M8_provenance_group_resolved_taxon_collapsed,2,0,precision,98,0,0.53937396,0.01141602,0.4062963,0.75416667
incorrect_family_merge,M8_provenance_group_resolved_taxon_collapsed,3,0,precision,81,0,0.7457709,0.01422158,0.57142857,1.0
incorrect_family_merge,M8_provenance_group_resolved_taxon_collapsed,4,0,precision,54,0,0.900925,0.01337502,0.74204545,1.0
incorrect_family_merge,M8_provenance_group_resolved_taxon_collapsed,5,0,precision,27,0,0.93718627,0.01591931,0.79444444,1.0
incorrect_family_merge,M8_provenance_group_resolved_taxon_collapsed,6,0,precision,12,0,1.0,0.0,1.0,1.0
incorrect_family_merge,M8_provenance_group_resolved_taxon_collapsed,7,0,precision,3,0,1.0,0.0,1.0,1.0
incorrect_family_merge,M8_provenance_group_resolved_taxon_collapsed,8,0,precision,1,0,1.0,0.0,1.0,1.0
incorrect_family_merge,M8_provenance_group_resolved_taxon_collapsed,1,0,recall,100,0,0.95,0.00730143,0.82916667,1.0
incorrect_family_merge,M8_provenance_group_resolved_taxon_collapsed,2,0,recall,98,0,0.875,0.01280643,0.65416667,1.0
incorrect_family_merge,M8_provenance_group_resolved_taxon_collapsed,3,0,recall,81,0,0.77366255,0.02061275,0.41666667,1.0
incorrect_family_merge,M8_provenance_group_resolved_taxon_collapsed,4,0,recall,54,0,0.68364198,0.02737121,0.41666667,1.0
incorrect_family_merge,M8_provenance_group_resolved_taxon_collapsed,5,0,recall,27,0,0.56481481,0.03782983,0.25,0.89166667
incorrect_family_merge,M8_provenance_group_resolved_taxon_collapsed,6,0,recall,12,0,0.40277778,0.05787458,0.08333333,0.66666667
incorrect_family_merge,M8_provenance_group_resolved_taxon_collapsed,7,0,recall,3,0,0.27777778,0.07349309,0.175,0.4
incorrect_family_merge,M8_provenance_group_resolved_taxon_collapsed,8,0,recall,1,0,0.25,0.0,0.25,0.25
incorrect_family_merge,M8_provenance_group_resolved_taxon_collapsed,1,0,selected_pair_count,100,0,34.3,0.76640312,19.95,44.05
incorrect_family_merge,M8_provenance_group_resolved_taxon_collapsed,2,0,selected_pair_count,98,0,20.43877551,0.53962808,10.85,28.0
incorrect_family_merge,M8_provenance_group_resolved_taxon_collapsed,3,0,selected_pair_count,81,0,12.96296296,0.46958231,6.0,20.0
incorrect_family_merge,M8_provenance_group_resolved_taxon_collapsed,4,0,selected_pair_count,54,0,9.2962963,0.42265477,5.0,13.35
incorrect_family_merge,M8_provenance_group_resolved_taxon_collapsed,5,0,selected_pair_count,27,0,7.33333333,0.51474,3.0,11.4
incorrect_family_merge,M8_provenance_group_resolved_taxon_collapsed,6,0,selected_pair_count,12,0,4.83333333,0.69449495,1.0,8.0
incorrect_family_merge,M8_provenance_group_resolved_taxon_collapsed,7,0,selected_pair_count,3,0,3.33333333,0.8819171,2.1,4.8
incorrect_family_merge,M8_provenance_group_resolved_taxon_collapsed,8,0,selected_pair_count,1,0,3.0,0.0,3.0,3.0
incorrect_family_split,M8_provenance_group_resolved_taxon_collapsed,1,0,f1,100,0,0.62496077,0.01079983,0.44396135,0.78642857
incorrect_family_split,M8_provenance_group_resolved_taxon_collapsed,2,0,f1,100,0,0.63172674,0.01093146,0.4540404,0.8
incorrect_family_split,M8_provenance_group_resolved_taxon_collapsed,3,0,f1,100,0,0.63921087,0.01102417,0.46068376,0.81481481
incorrect_family_split,M8_provenance_group_resolved_taxon_collapsed,4,0,f1,100,0,0.65245254,0.01111392,0.47013575,0.81574074
incorrect_family_split,M8_provenance_group_resolved_taxon_collapsed,5,0,f1,100,0,0.67216842,0.01188559,0.47980952,0.86956522
incorrect_family_split,M8_provenance_group_resolved_taxon_collapsed,6,0,f1,100,0,0.69534269,0.01190986,0.5,0.88
incorrect_family_split,M8_provenance_group_resolved_taxon_collapsed,7,0,f1,100,0,0.71807887,0.01206154,0.52608696,0.90909091
incorrect_family_split,M8_provenance_group_resolved_taxon_collapsed,8,0,f1,100,0,0.73778795,0.01181632,0.52631579,0.90909091
incorrect_family_split,M8_provenance_group_resolved_taxon_collapsed,1,0,false_discovery_proportion,100,0,0.38327191,0.01074953,0.21357143,0.54675325
incorrect_family_split,M8_provenance_group_resolved_taxon_collapsed,2,0,false_discovery_proportion,100,0,0.37026041,0.01067849,0.2,0.53846154
incorrect_family_split,M8_provenance_group_resolved_taxon_collapsed,3,0,false_discovery_proportion,100,0,0.35529237,0.01079107,0.2,0.53358974
incorrect_family_split,M8_provenance_group_resolved_taxon_collapsed,4,0,false_discovery_proportion,100,0,0.32609234,0.01152344,0.14196429,0.5
incorrect_family_split,M8_provenance_group_resolved_taxon_collapsed,5,0,false_discovery_proportion,100,0,0.28305503,0.01293226,0.0905303,0.47205882
incorrect_family_split,M8_provenance_group_resolved_taxon_collapsed,6,0,false_discovery_proportion,100,0,0.2283524,0.01267458,0.0,0.41666667
incorrect_family_split,M8_provenance_group_resolved_taxon_collapsed,7,0,false_discovery_proportion,100,0,0.17270729,0.01197304,0.0,0.36363636
incorrect_family_split,M8_provenance_group_resolved_taxon_collapsed,8,0,false_discovery_proportion,100,0,0.1150399,0.01062649,0.0,0.3
incorrect_family_split,M8_provenance_group_resolved_taxon_collapsed,1,0,precision,100,0,0.61672809,0.01074953,0.45324675,0.78642857
incorrect_family_split,M8_provenance_group_resolved_taxon_collapsed,2,0,precision,100,0,0.62973959,0.01067849,0.46153846,0.8
incorrect_family_split,M8_provenance_group_resolved_taxon_collapsed,3,0,precision,100,0,0.64470763,0.01079107,0.46641026,0.8
incorrect_family_split,M8_provenance_group_resolved_taxon_collapsed,4,0,precision,100,0,0.67390766,0.01152344,0.5,0.85803571
incorrect_family_split,M8_provenance_group_resolved_taxon_collapsed,5,0,precision,100,0,0.71694497,0.01293226,0.52794118,0.9094697
incorrect_family_split,M8_provenance_group_resolved_taxon_collapsed,6,0,precision,100,0,0.7716476,0.01267458,0.58333333,1.0
incorrect_family_split,M8_provenance_group_resolved_taxon_collapsed,7,0,precision,100,0,0.82729271,0.01197304,0.63636364,1.0
incorrect_family_split,M8_provenance_group_resolved_taxon_collapsed,8,0,precision,100,0,0.8849601,0.01062649,0.7,1.0
incorrect_family_split,M8_provenance_group_resolved_taxon_collapsed,1,0,recall,100,0,0.64833333,0.01438898,0.41666667,0.91666667
incorrect_family_split,M8_provenance_group_resolved_taxon_collapsed,2,0,recall,100,0,0.64833333,0.01438898,0.41666667,0.91666667
incorrect_family_split,M8_provenance_group_resolved_taxon_collapsed,3,0,recall,100,0,0.64833333,0.01438898,0.41666667,0.91666667
incorrect_family_split,M8_provenance_group_resolved_taxon_collapsed,4,0,recall,100,0,0.64833333,0.01438898,0.41666667,0.91666667
incorrect_family_split,M8_provenance_group_resolved_taxon_collapsed,5,0,recall,100,0,0.64833333,0.01438898,0.41666667,0.91666667
incorrect_family_split,M8_provenance_group_resolved_taxon_collapsed,6,0,recall,100,0,0.6475,0.01440238,0.41666667,0.91666667
incorrect_family_split,M8_provenance_group_resolved_taxon_collapsed,7,0,recall,100,0,0.64666667,0.01426855,0.41666667,0.8375
incorrect_family_split,M8_provenance_group_resolved_taxon_collapsed,8,0,recall,100,0,0.645,0.01404558,0.41666667,0.83333333
incorrect_family_split,M8_provenance_group_resolved_taxon_collapsed,1,0,selected_pair_count,100,0,12.75,0.26068093,8.95,16.0
incorrect_family_split,M8_provenance_group_resolved_taxon_collapsed,2,0,selected_pair_count,100,0,12.48,0.25642452,8.95,16.0
incorrect_family_split,M8_provenance_group_resolved_taxon_collapsed,3,0,selected_pair_count,100,0,12.19,0.25133783,8.95,15.05
incorrect_family_split,M8_provenance_group_resolved_taxon_collapsed,4,0,selected_pair_count,100,0,11.7,0.25485191,7.95,15.0
incorrect_family_split,M8_provenance_group_resolved_taxon_collapsed,5,0,selected_pair_count,100,0,11.02,0.24452799,7.0,15.0
incorrect_family_split,M8_provenance_group_resolved_taxon_collapsed,6,0,selected_pair_count,100,0,10.19,0.22369487,6.0,14.0
incorrect_family_split,M8_provenance_group_resolved_taxon_collapsed,7,0,selected_pair_count,100,0,9.44,0.19556703,6.0,12.05
incorrect_family_split,M8_provenance_group_resolved_taxon_collapsed,8,0,selected_pair_count,100,0,8.79,0.18218372,5.95,11.05
large_scale,M8_provenance_group_resolved_taxon_collapsed,1,0,f1,20,0,0.90259315,0.00681342,0.84090909,0.94848485
large_scale,M8_provenance_group_resolved_taxon_collapsed,2,0,f1,20,0,0.90259315,0.00681342,0.84090909,0.94848485
large_scale,M8_provenance_group_resolved_taxon_collapsed,3,0,f1,20,0,0.90259315,0.00681342,0.84090909,0.94848485
large_scale,M8_provenance_group_resolved_taxon_collapsed,4,0,f1,20,0,0.90305492,0.00677189,0.84090909,0.94848485
large_scale,M8_provenance_group_resolved_taxon_collapsed,5,0,f1,20,0,0.90400685,0.00674181,0.84090909,0.94848485
large_scale,M8_provenance_group_resolved_taxon_collapsed,6,0,f1,20,0,0.90594466,0.00626352,0.85057471,0.94848485
large_scale,M8_provenance_group_resolved_taxon_collapsed,7,0,f1,20,0,0.90739584,0.00620154,0.85057471,0.94848485
large_scale,M8_provenance_group_resolved_taxon_collapsed,8,0,f1,20,0,0.90837829,0.00625044,0.85057471,0.94848485
large_scale,M8_provenance_group_resolved_taxon_collapsed,1,0,false_discovery_proportion,20,0,0.02260312,0.00546616,0.0,0.06489362
large_scale,M8_provenance_group_resolved_taxon_collapsed,2,0,false_discovery_proportion,20,0,0.02260312,0.00546616,0.0,0.06489362
large_scale,M8_provenance_group_resolved_taxon_collapsed,3,0,false_discovery_proportion,20,0,0.02260312,0.00546616,0.0,0.06489362
large_scale,M8_provenance_group_resolved_taxon_collapsed,4,0,false_discovery_proportion,20,0,0.02160868,0.00493205,0.0,0.06389917
large_scale,M8_provenance_group_resolved_taxon_collapsed,5,0,false_discovery_proportion,20,0,0.01946009,0.00435438,0.0,0.04842958
large_scale,M8_provenance_group_resolved_taxon_collapsed,6,0,false_discovery_proportion,20,0,0.01455218,0.00433253,0.0,0.04842958
large_scale,M8_provenance_group_resolved_taxon_collapsed,7,0,false_discovery_proportion,20,0,0.01116851,0.00370828,0.0,0.02636222
large_scale,M8_provenance_group_resolved_taxon_collapsed,8,0,false_discovery_proportion,20,0,0.00886693,0.00365883,0.0,0.02636222
large_scale,M8_provenance_group_resolved_taxon_collapsed,1,0,precision,20,0,0.97739688,0.00546616,0.93510638,1.0
large_scale,M8_provenance_group_resolved_taxon_collapsed,2,0,precision,20,0,0.97739688,0.00546616,0.93510638,1.0
large_scale,M8_provenance_group_resolved_taxon_collapsed,3,0,precision,20,0,0.97739688,0.00546616,0.93510638,1.0
large_scale,M8_provenance_group_resolved_taxon_collapsed,4,0,precision,20,0,0.97839132,0.00493205,0.93610083,1.0
large_scale,M8_provenance_group_resolved_taxon_collapsed,5,0,precision,20,0,0.98053991,0.00435438,0.95157042,1.0
large_scale,M8_provenance_group_resolved_taxon_collapsed,6,0,precision,20,0,0.98544782,0.00433253,0.95157042,1.0
large_scale,M8_provenance_group_resolved_taxon_collapsed,7,0,precision,20,0,0.98883149,0.00370828,0.97363778,1.0
large_scale,M8_provenance_group_resolved_taxon_collapsed,8,0,precision,20,0,0.99113307,0.00365883,0.97363778,1.0
large_scale,M8_provenance_group_resolved_taxon_collapsed,1,0,recall,20,0,0.84,0.01114498,0.74,0.903
large_scale,M8_provenance_group_resolved_taxon_collapsed,2,0,recall,20,0,0.84,0.01114498,0.74,0.903
large_scale,M8_provenance_group_resolved_taxon_collapsed,3,0,recall,20,0,0.84,0.01114498,0.74,0.903
large_scale,M8_provenance_group_resolved_taxon_collapsed,4,0,recall,20,0,0.84,0.01114498,0.74,0.903
large_scale,M8_provenance_group_resolved_taxon_collapsed,5,0,recall,20,0,0.84,0.01114498,0.74,0.903
large_scale,M8_provenance_group_resolved_taxon_collapsed,6,0,recall,20,0,0.84,0.01114498,0.74,0.903
large_scale,M8_provenance_group_resolved_taxon_collapsed,7,0,recall,20,0,0.84,0.01114498,0.74,0.903
large_scale,M8_provenance_group_resolved_taxon_collapsed,8,0,recall,20,0,0.84,0.01114498,0.74,0.903
large_scale,M8_provenance_group_resolved_taxon_collapsed,1,0,selected_pair_count,20,0,43.0,0.63245553,38.0,47.1
large_scale,M8_provenance_group_resolved_taxon_collapsed,2,0,selected_pair_count,20,0,43.0,0.63245553,38.0,47.1
large_scale,M8_provenance_group_resolved_taxon_collapsed,3,0,selected_pair_count,20,0,43.0,0.63245553,38.0,47.1
large_scale,M8_provenance_group_resolved_taxon_collapsed,4,0,selected_pair_count,20,0,42.95,0.61761426,38.0,47.1
large_scale,M8_provenance_group_resolved_taxon_collapsed,5,0,selected_pair_count,20,0,42.85,0.60382552,38.0,47.1
large_scale,M8_provenance_group_resolved_taxon_collapsed,6,0,selected_pair_count,20,0,42.65,0.64593873,37.0,47.1
large_scale,M8_provenance_group_resolved_taxon_collapsed,7,0,selected_pair_count,20,0,42.5,0.63866637,37.0,47.1
large_scale,M8_provenance_group_resolved_taxon_collapsed,8,0,selected_pair_count,20,0,42.4,0.6341177,37.0,47.1
missing_family_metadata,M8_provenance_group_resolved_taxon_collapsed,1,0,f1,100,0,0.48403824,0.0071253,0.36842105,0.61111111
missing_family_metadata,M8_provenance_group_resolved_taxon_collapsed,2,0,f1,99,0,0.60543407,0.01005986,0.44,0.72787879
missing_family_metadata,M8_provenance_group_resolved_taxon_collapsed,3,0,f1,92,0,0.67343465,0.01735218,0.34835526,0.88
missing_family_metadata,M8_provenance_group_resolved_taxon_collapsed,4,0,f1,79,0,0.55532714,0.02467357,0.15179487,0.82436364
missing_family_metadata,M8_provenance_group_resolved_taxon_collapsed,5,0,f1,57,0,0.41468923,0.0278498,0.0,0.73684211
missing_family_metadata,M8_provenance_group_resolved_taxon_collapsed,6,0,f1,30,0,0.21878977,0.03456577,0.0,0.54852941
missing_family_metadata,M8_provenance_group_resolved_taxon_collapsed,7,0,f1,7,0,0.09795918,0.06445017,0.0,0.36571429
missing_family_metadata,M8_provenance_group_resolved_taxon_collapsed,8,0,f1,1,0,0.0,0.0,0.0,0.0
missing_family_metadata,M8_provenance_group_resolved_taxon_collapsed,1,0,false_discovery_proportion,100,0,0.66577561,0.00614031,0.54166667,0.74418605
missing_family_metadata,M8_provenance_group_resolved_taxon_collapsed,2,0,false_discovery_proportion,99,0,0.50949271,0.00793735,0.38636364,0.63157895
missing_family_metadata,M8_provenance_group_resolved_taxon_collapsed,3,0,false_discovery_proportion,92,0,0.27632937,0.01319059,0.04583333,0.51323529
missing_family_metadata,M8_provenance_group_resolved_taxon_collapsed,4,0,false_discovery_proportion,77,2,0.15805151,0.02073729,0.0,0.5
missing_family_metadata,M8_provenance_group_resolved_taxon_collapsed,5,0,false_discovery_proportion,52,5,0.04027778,0.01466681,0.0,0.2875
missing_family_metadata,M8_provenance_group_resolved_taxon_collapsed,6,0,false_discovery_proportion,21,9,0.0,0.0,0.0,0.0
missing_family_metadata,M8_provenance_group_resolved_taxon_collapsed,7,0,false_discovery_proportion,2,5,0.0,0.0,0.0,0.0
missing_family_metadata,M8_provenance_group_resolved_taxon_collapsed,8,0,false_discovery_proportion,0,1,,,,
missing_family_metadata,M8_provenance_group_resolved_taxon_collapsed,1,0,precision,100,0,0.33422439,0.00614031,0.25581395,0.45833333
missing_family_metadata,M8_provenance_group_resolved_taxon_collapsed,2,0,precision,99,0,0.49050729,0.00793735,0.36842105,0.61363636
missing_family_metadata,M8_provenance_group_resolved_taxon_collapsed,3,0,precision,92,0,0.72367063,0.01319059,0.48676471,0.95416667
missing_family_metadata,M8_provenance_group_resolved_taxon_collapsed,4,0,precision,77,2,0.84194849,0.02073729,0.5,1.0
missing_family_metadata,M8_provenance_group_resolved_taxon_collapsed,5,0,precision,52,5,0.95972222,0.01466681,0.7125,1.0
missing_family_metadata,M8_provenance_group_resolved_taxon_collapsed,6,0,precision,21,9,1.0,0.0,1.0,1.0
missing_family_metadata,M8_provenance_group_resolved_taxon_collapsed,7,0,precision,2,5,1.0,0.0,1.0,1.0
missing_family_metadata,M8_provenance_group_resolved_taxon_collapsed,8,0,precision,0,1,,,,
missing_family_metadata,M8_provenance_group_resolved_taxon_collapsed,1,0,recall,100,0,0.89583333,0.01007652,0.66666667,1.0
missing_family_metadata,M8_provenance_group_resolved_taxon_collapsed,2,0,recall,99,0,0.81565657,0.0173085,0.40833333,1.0
missing_family_metadata,M8_provenance_group_resolved_taxon_collapsed,3,0,recall,92,0,0.67391304,0.02299204,0.25,0.91666667
missing_family_metadata,M8_provenance_group_resolved_taxon_collapsed,4,0,recall,79,0,0.44936709,0.02536374,0.08333333,0.83333333
missing_family_metadata,M8_provenance_group_resolved_taxon_collapsed,5,0,recall,57,0,0.28654971,0.02256461,0.0,0.58333333
missing_family_metadata,M8_provenance_group_resolved_taxon_collapsed,6,0,recall,30,0,0.13611111,0.02380051,0.0,0.37916667
missing_family_metadata,M8_provenance_group_resolved_taxon_collapsed,7,0,recall,7,0,0.05952381,0.03948363,0.0,0.225
missing_family_metadata,M8_provenance_group_resolved_taxon_collapsed,8,0,recall,1,0,0.0,0.0,0.0,0.0
missing_family_metadata,M8_provenance_group_resolved_taxon_collapsed,1,0,selected_pair_count,100,0,32.91,0.53580771,24.0,41.1
missing_family_metadata,M8_provenance_group_resolved_taxon_collapsed,2,0,selected_pair_count,99,0,20.1010101,0.4122668,12.8,25.0
missing_family_metadata,M8_provenance_group_resolved_taxon_collapsed,3,0,selected_pair_count,92,0,11.35869565,0.38750846,4.55,16.0
missing_family_metadata,M8_provenance_group_resolved_taxon_collapsed,4,0,selected_pair_count,79,0,6.37974684,0.34574607,1.9,12.0
missing_family_metadata,M8_provenance_group_resolved_taxon_collapsed,5,0,selected_pair_count,57,0,3.57894737,0.2764202,0.0,7.0
missing_family_metadata,M8_provenance_group_resolved_taxon_collapsed,6,0,selected_pair_count,30,0,1.63333333,0.28560616,0.0,4.55
missing_family_metadata,M8_provenance_group_resolved_taxon_collapsed,7,0,selected_pair_count,7,0,0.71428571,0.47380354,0.0,2.7
missing_family_metadata,M8_provenance_group_resolved_taxon_collapsed,8,0,selected_pair_count,1,0,0.0,0.0,0.0,0.0
multiple_primary_comparisons,M8_provenance_group_resolved_taxon_collapsed,1,0,f1,100,0,0.85323438,0.00737584,0.72727273,0.96
multiple_primary_comparisons,M8_provenance_group_resolved_taxon_collapsed,2,0,f1,100,0,0.85418131,0.00736727,0.72727273,0.96
multiple_primary_comparisons,M8_provenance_group_resolved_taxon_collapsed,3,0,f1,100,0,0.85599936,0.00732572,0.72727273,0.96
multiple_primary_comparisons,M8_provenance_group_resolved_taxon_collapsed,4,0,f1,100,0,0.86299462,0.00713423,0.74886364,0.96
multiple_primary_comparisons,M8_provenance_group_resolved_taxon_collapsed,5,0,f1,100,0,0.86539851,0.00697732,0.73636364,0.96
multiple_primary_comparisons,M8_provenance_group_resolved_taxon_collapsed,6,0,f1,100,0,0.84204052,0.00869773,0.7,0.95652174
multiple_primary_comparisons,M8_provenance_group_resolved_taxon_collapsed,7,0,f1,100,0,0.72194458,0.01262331,0.5,0.90909091
multiple_primary_comparisons,M8_provenance_group_resolved_taxon_collapsed,8,0,f1,100,0,0.34889616,0.01599604,0.14615385,0.58823529
multiple_primary_comparisons,M8_provenance_group_resolved_taxon_collapsed,1,0,false_discovery_proportion,100,0,0.14926003,0.00907592,0.0,0.28571429
multiple_primary_comparisons,M8_provenance_group_resolved_taxon_collapsed,2,0,false_discovery_proportion,100,0,0.1476973,0.00893635,0.0,0.28571429
multiple_primary_comparisons,M8_provenance_group_resolved_taxon_collapsed,3,0,false_discovery_proportion,100,0,0.14338478,0.00875885,0.0,0.27337662
multiple_primary_comparisons,M8_provenance_group_resolved_taxon_collapsed,4,0,false_discovery_proportion,100,0,0.1274142,0.00847049,0.0,0.2669697
multiple_primary_comparisons,M8_provenance_group_resolved_taxon_collapsed,5,0,false_discovery_proportion,100,0,0.10817127,0.00799448,0.0,0.25
multiple_primary_comparisons,M8_provenance_group_resolved_taxon_collapsed,6,0,false_discovery_proportion,100,0,0.07516614,0.00766025,0.0,0.2
multiple_primary_comparisons,M8_provenance_group_resolved_taxon_collapsed,7,0,false_discovery_proportion,100,0,0.04264791,0.00795226,0.0,0.14571429
multiple_primary_comparisons,M8_provenance_group_resolved_taxon_collapsed,8,0,false_discovery_proportion,96,4,0.02170139,0.01172323,0.0,0.0625
multiple_primary_comparisons,M8_provenance_group_resolved_taxon_collapsed,1,0,precision,100,0,0.85073997,0.00907592,0.71428571,1.0
multiple_primary_comparisons,M8_provenance_group_resolved_taxon_collapsed,2,0,precision,100,0,0.8523027,0.00893635,0.71428571,1.0
multiple_primary_comparisons,M8_provenance_group_resolved_taxon_collapsed,3,0,precision,100,0,0.85661522,0.00875885,0.72662338,1.0
multiple_primary_comparisons,M8_provenance_group_resolved_taxon_collapsed,4,0,precision,100,0,0.8725858,0.00847049,0.7330303,1.0
multiple_primary_comparisons,M8_provenance_group_resolved_taxon_collapsed,5,0,precision,100,0,0.89182873,0.00799448,0.75,1.0
multiple_primary_comparisons,M8_provenance_group_resolved_taxon_collapsed,6,0,precision,100,0,0.92483386,0.00766025,0.8,1.0
multiple_primary_comparisons,M8_provenance_group_resolved_taxon_collapsed,7,0,precision,100,0,0.95735209,0.00795226,0.85428571,1.0
multiple_primary_comparisons,M8_provenance_group_resolved_taxon_collapsed,8,0,precision,96,4,0.97829861,0.01172323,0.9375,1.0
multiple_primary_comparisons,M8_provenance_group_resolved_taxon_collapsed,1,0,recall,100,0,0.86416667,0.0097424,0.66666667,1.0
multiple_primary_comparisons,M8_provenance_group_resolved_taxon_collapsed,2,0,recall,100,0,0.86416667,0.0097424,0.66666667,1.0
multiple_primary_comparisons,M8_provenance_group_resolved_taxon_collapsed,3,0,recall,100,0,0.86333333,0.00980449,0.66666667,1.0
multiple_primary_comparisons,M8_provenance_group_resolved_taxon_collapsed,4,0,recall,100,0,0.86166667,0.00985444,0.66666667,1.0
multiple_primary_comparisons,M8_provenance_group_resolved_taxon_collapsed,5,0,recall,100,0,0.84916667,0.01016799,0.66666667,1.0
multiple_primary_comparisons,M8_provenance_group_resolved_taxon_collapsed,6,0,recall,100,0,0.7825,0.01207295,0.58333333,1.0
multiple_primary_comparisons,M8_provenance_group_resolved_taxon_collapsed,7,0,recall,100,0,0.59416667,0.01472984,0.33333333,0.83333333
multiple_primary_comparisons,M8_provenance_group_resolved_taxon_collapsed,8,0,recall,100,0,0.22333333,0.01189649,0.07916667,0.41666667
multiple_primary_comparisons,M8_provenance_group_resolved_taxon_collapsed,1,0,selected_pair_count,100,0,12.3,0.17262091,9.95,15.0
multiple_primary_comparisons,M8_provenance_group_resolved_taxon_collapsed,2,0,selected_pair_count,100,0,12.27,0.16808788,9.95,15.0
multiple_primary_comparisons,M8_provenance_group_resolved_taxon_collapsed,3,0,selected_pair_count,100,0,12.19,0.16556911,9.0,15.0
multiple_primary_comparisons,M8_provenance_group_resolved_taxon_collapsed,4,0,selected_pair_count,100,0,11.94,0.16503443,9.0,14.05
multiple_primary_comparisons,M8_provenance_group_resolved_taxon_collapsed,5,0,selected_pair_count,100,0,11.51,0.16605646,9.0,14.0
multiple_primary_comparisons,M8_provenance_group_resolved_taxon_collapsed,6,0,selected_pair_count,100,0,10.2,0.16453178,8.0,12.05
multiple_primary_comparisons,M8_provenance_group_resolved_taxon_collapsed,7,0,selected_pair_count,100,0,7.47,0.18502252,4.0,10.0
multiple_primary_comparisons,M8_provenance_group_resolved_taxon_collapsed,8,0,selected_pair_count,100,0,2.73,0.14274014,1.0,5.0
rank_inflation,M8_provenance_group_resolved_taxon_collapsed,1,0,f1,100,0,0.68068804,0.00803482,0.5625,0.8
rank_inflation,M8_provenance_group_resolved_taxon_collapsed,2,0,f1,100,0,0.71336335,0.00788372,0.59259259,0.82758621
rank_inflation,M8_provenance_group_resolved_taxon_collapsed,3,0,f1,100,0,0.77811325,0.00783185,0.63903448,0.89027778
rank_inflation,M8_provenance_group_resolved_taxon_collapsed,4,0,f1,100,0,0.84091574,0.00805247,0.69230769,0.96
rank_inflation,M8_provenance_group_resolved_taxon_collapsed,5,0,f1,100,0,0.8767018,0.00741445,0.73636364,0.96
rank_inflation,M8_provenance_group_resolved_taxon_collapsed,6,0,f1,100,0,0.82408925,0.00773039,0.66666667,0.9094697
rank_inflation,M8_provenance_group_resolved_taxon_collapsed,7,0,f1,100,0,0.63531215,0.01286016,0.4,0.80285714
rank_inflation,M8_provenance_group_resolved_taxon_collapsed,8,0,f1,100,0,0.2799498,0.015296,0.0,0.5
rank_inflation,M8_provenance_group_resolved_taxon_collapsed,1,0,false_discovery_proportion,100,0,0.43915791,0.00877611,0.31158088,0.55027778
rank_inflation,M8_provenance_group_resolved_taxon_collapsed,2,0,false_discovery_proportion,100,0,0.39365288,0.00895137,0.26404762,0.52173913
rank_inflation,M8_provenance_group_resolved_taxon_collapsed,3,0,false_discovery_proportion,100,0,0.29308318,0.00956675,0.14285714,0.45102941
rank_inflation,M8_provenance_group_resolved_taxon_collapsed,4,0,false_discovery_proportion,100,0,0.17527918,0.00991544,0.0,0.35315126
rank_inflation,M8_provenance_group_resolved_taxon_collapsed,5,0,false_discovery_proportion,100,0,0.07053644,0.00708584,0.0,0.18272727
rank_inflation,M8_provenance_group_resolved_taxon_collapsed,6,0,false_discovery_proportion,100,0,0.03333042,0.00539777,0.0,0.125
rank_inflation,M8_provenance_group_resolved_taxon_collapsed,7,0,false_discovery_proportion,100,0,0.01281349,0.00416581,0.0,0.12589286
rank_inflation,M8_provenance_group_resolved_taxon_collapsed,8,0,false_discovery_proportion,89,11,0.01011236,0.006401,0.0,0.0
rank_inflation,M8_provenance_group_resolved_taxon_collapsed,1,0,precision,100,0,0.56084209,0.00877611,0.44972222,0.68841912
rank_inflation,M8_provenance_group_resolved_taxon_collapsed,2,0,precision,100,0,0.60634712,0.00895137,0.47826087,0.73595238
rank_inflation,M8_provenance_group_resolved_taxon_collapsed,3,0,precision,100,0,0.70691682,0.00956675,0.54897059,0.85714286
rank_inflation,M8_provenance_group_resolved_taxon_collapsed,4,0,precision,100,0,0.82472082,0.00991544,0.64684874,1.0
rank_inflation,M8_provenance_group_resolved_taxon_collapsed,5,0,precision,100,0,0.92946356,0.00708584,0.81727273,1.0
rank_inflation,M8_provenance_group_resolved_taxon_collapsed,6,0,precision,100,0,0.96666958,0.00539777,0.875,1.0
rank_inflation,M8_provenance_group_resolved_taxon_collapsed,7,0,precision,100,0,0.98718651,0.00416581,0.87410714,1.0
rank_inflation,M8_provenance_group_resolved_taxon_collapsed,8,0,precision,89,11,0.98988764,0.006401,1.0,1.0
rank_inflation,M8_provenance_group_resolved_taxon_collapsed,1,0,recall,100,0,0.8775,0.00943516,0.74583333,1.0
rank_inflation,M8_provenance_group_resolved_taxon_collapsed,2,0,recall,100,0,0.8775,0.00943516,0.74583333,1.0
rank_inflation,M8_provenance_group_resolved_taxon_collapsed,3,0,recall,100,0,0.87583333,0.00936351,0.74583333,1.0
rank_inflation,M8_provenance_group_resolved_taxon_collapsed,4,0,recall,100,0,0.86666667,0.00983877,0.66666667,1.0
rank_inflation,M8_provenance_group_resolved_taxon_collapsed,5,0,recall,100,0,0.8375,0.01075013,0.66666667,1.0
rank_inflation,M8_provenance_group_resolved_taxon_collapsed,6,0,recall,100,0,0.7275,0.01135187,0.57916667,0.91666667
rank_inflation,M8_provenance_group_resolved_taxon_collapsed,7,0,recall,100,0,0.48166667,0.01363814,0.25,0.67083333
rank_inflation,M8_provenance_group_resolved_taxon_collapsed,8,0,recall,100,0,0.1725,0.01054458,0.0,0.33333333
rank_inflation,M8_provenance_group_resolved_taxon_collapsed,1,0,selected_pair_count,100,0,19.09,0.28216157,14.0,24.0
rank_inflation,M8_provenance_group_resolved_taxon_collapsed,2,0,selected_pair_count,100,0,17.63,0.25132176,13.95,22.0
rank_inflation,M8_provenance_group_resolved_taxon_collapsed,3,0,selected_pair_count,100,0,15.08,0.22096208,12.0,19.0
rank_inflation,M8_provenance_group_resolved_taxon_collapsed,4,0,selected_pair_count,100,0,12.75,0.18222807,9.0,16.0
rank_inflation,M8_provenance_group_resolved_taxon_collapsed,5,0,selected_pair_count,100,0,10.86,0.14976075,8.0,13.0
rank_inflation,M8_provenance_group_resolved_taxon_collapsed,6,0,selected_pair_count,100,0,9.07,0.15651185,6.95,11.05
rank_inflation,M8_provenance_group_resolved_taxon_collapsed,7,0,selected_pair_count,100,0,5.87,0.16856794,3.0,9.0
rank_inflation,M8_provenance_group_resolved_taxon_collapsed,8,0,selected_pair_count,100,0,2.1,0.12987951,0.0,4.0
rank_replacement_with_lineage,M8_provenance_group_resolved_taxon_collapsed,1,0,f1,100,0,0.70758598,0.0083485,0.55141066,0.85714286
rank_replacement_with_lineage,M8_provenance_group_resolved_taxon_collapsed,2,0,f1,100,0,0.74083361,0.0085665,0.58785579,0.88888889
rank_replacement_with_lineage,M8_provenance_group_resolved_taxon_collapsed,3,0,f1,100,0,0.79595922,0.00845212,0.64504608,0.92492308
rank_replacement_with_lineage,M8_provenance_group_resolved_taxon_collapsed,4,0,f1,100,0,0.85676169,0.00714952,0.74074074,0.96
rank_replacement_with_lineage,M8_provenance_group_resolved_taxon_collapsed,5,0,f1,100,0,0.8920272,0.00652878,0.7815735,1.0
rank_replacement_with_lineage,M8_provenance_group_resolved_taxon_collapsed,6,0,f1,100,0,0.85490147,0.00803299,0.7,0.95652174
rank_replacement_with_lineage,M8_provenance_group_resolved_taxon_collapsed,7,0,f1,100,0,0.6684808,0.01305442,0.495,0.85974026
rank_replacement_with_lineage,M8_provenance_group_resolved_taxon_collapsed,8,0,f1,100,0,0.30239388,0.01577563,0.0,0.50441176
rank_replacement_with_lineage,M8_provenance_group_resolved_taxon_collapsed,1,0,false_discovery_proportion,100,0,0.40585857,0.00955467,0.23076923,0.54675325
rank_replacement_with_lineage,M8_provenance_group_resolved_taxon_collapsed,2,0,false_discovery_proportion,100,0,0.35774768,0.01012246,0.16666667,0.52196796
rank_replacement_with_lineage,M8_provenance_group_resolved_taxon_collapsed,3,0,false_discovery_proportion,100,0,0.27087226,0.01057914,0.08301282,0.44472222
rank_replacement_with_lineage,M8_provenance_group_resolved_taxon_collapsed,4,0,false_discovery_proportion,100,0,0.16121093,0.00892646,0.0,0.3125
rank_replacement_with_lineage,M8_provenance_group_resolved_taxon_collapsed,5,0,false_discovery_proportion,100,0,0.07441048,0.00638366,0.0,0.18181818
rank_replacement_with_lineage,M8_provenance_group_resolved_taxon_collapsed,6,0,false_discovery_proportion,100,0,0.02434848,0.00492892,0.0,0.125
rank_replacement_with_lineage,M8_provenance_group_resolved_taxon_collapsed,7,0,false_discovery_proportion,100,0,0.00855159,0.00343819,0.0,0.11180556
rank_replacement_with_lineage,M8_provenance_group_resolved_taxon_collapsed,8,0,false_discovery_proportion,91,9,0.00549451,0.00549451,0.0,0.0
rank_replacement_with_lineage,M8_provenance_group_resolved_taxon_collapsed,1,0,precision,100,0,0.59414143,0.00955467,0.45324675,0.76923077
rank_replacement_with_lineage,M8_provenance_group_resolved_taxon_collapsed,2,0,precision,100,0,0.64225232,0.01012246,0.47803204,0.83333333
rank_replacement_with_lineage,M8_provenance_group_resolved_taxon_collapsed,3,0,precision,100,0,0.72912774,0.01057914,0.55527778,0.91698718
rank_replacement_with_lineage,M8_provenance_group_resolved_taxon_collapsed,4,0,precision,100,0,0.83878907,0.00892646,0.6875,1.0
rank_replacement_with_lineage,M8_provenance_group_resolved_taxon_collapsed,5,0,precision,100,0,0.92558952,0.00638366,0.81818182,1.0
rank_replacement_with_lineage,M8_provenance_group_resolved_taxon_collapsed,6,0,precision,100,0,0.97565152,0.00492892,0.875,1.0
rank_replacement_with_lineage,M8_provenance_group_resolved_taxon_collapsed,7,0,precision,100,0,0.99144841,0.00343819,0.88819444,1.0
rank_replacement_with_lineage,M8_provenance_group_resolved_taxon_collapsed,8,0,precision,91,9,0.99450549,0.00549451,1.0,1.0
rank_replacement_with_lineage,M8_provenance_group_resolved_taxon_collapsed,1,0,recall,100,0,0.88666667,0.00921437,0.75,1.0
rank_replacement_with_lineage,M8_provenance_group_resolved_taxon_collapsed,2,0,recall,100,0,0.88666667,0.00921437,0.75,1.0
rank_replacement_with_lineage,M8_provenance_group_resolved_taxon_collapsed,3,0,recall,100,0,0.88666667,0.00921437,0.75,1.0
rank_replacement_with_lineage,M8_provenance_group_resolved_taxon_collapsed,4,0,recall,100,0,0.88333333,0.0091747,0.75,1.0
rank_replacement_with_lineage,M8_provenance_group_resolved_taxon_collapsed,5,0,recall,100,0,0.86666667,0.00969513,0.66666667,1.0
rank_replacement_with_lineage,M8_provenance_group_resolved_taxon_collapsed,6,0,recall,100,0,0.76833333,0.01151903,0.58333333,0.91666667
rank_replacement_with_lineage,M8_provenance_group_resolved_taxon_collapsed,7,0,recall,100,0,0.51833333,0.01448615,0.32916667,0.75416667
rank_replacement_with_lineage,M8_provenance_group_resolved_taxon_collapsed,8,0,recall,100,0,0.18833333,0.0110871,0.0,0.3375
rank_replacement_with_lineage,M8_provenance_group_resolved_taxon_collapsed,1,0,selected_pair_count,100,0,18.24,0.27418198,14.0,22.05
rank_replacement_with_lineage,M8_provenance_group_resolved_taxon_collapsed,2,0,selected_pair_count,100,0,16.87,0.25688696,13.0,21.05
rank_replacement_with_lineage,M8_provenance_group_resolved_taxon_collapsed,3,0,selected_pair_count,100,0,14.83,0.22430814,12.0,19.0
rank_replacement_with_lineage,M8_provenance_group_resolved_taxon_collapsed,4,0,selected_pair_count,100,0,12.75,0.16779918,10.0,15.0
rank_replacement_with_lineage,M8_provenance_group_resolved_taxon_collapsed,5,0,selected_pair_count,100,0,11.27,0.13246307,9.0,13.0
rank_replacement_with_lineage,M8_provenance_group_resolved_taxon_collapsed,6,0,selected_pair_count,100,0,9.46,0.1402883,7.0,11.0
rank_replacement_with_lineage,M8_provenance_group_resolved_taxon_collapsed,7,0,selected_pair_count,100,0,6.28,0.17528044,3.95,9.05
rank_replacement_with_lineage,M8_provenance_group_resolved_taxon_collapsed,8,0,selected_pair_count,100,0,2.27,0.13246307,0.0,4.05
rank_replacement_without_lineage,M8_provenance_group_resolved_taxon_collapsed,1,0,f1,100,0,0.37527397,0.00763527,0.23781838,0.47662338
rank_replacement_without_lineage,M8_provenance_group_resolved_taxon_collapsed,2,0,f1,100,0,0.34811553,0.01380002,0.14238095,0.57285714
rank_replacement_without_lineage,M8_provenance_group_resolved_taxon_collapsed,3,0,f1,100,0,0.12264415,0.01141924,0.0,0.28571429
rank_replacement_without_lineage,M8_provenance_group_resolved_taxon_collapsed,4,0,f1,100,0,0.02131868,0.0056872,0.0,0.15384615
rank_replacement_without_lineage,M8_provenance_group_resolved_taxon_collapsed,5,0,f1,100,0,0.00153846,0.00153846,0.0,0.0
rank_replacement_without_lineage,M8_provenance_group_resolved_taxon_collapsed,6,0,f1,100,0,0.0,0.0,0.0,0.0
rank_replacement_without_lineage,M8_provenance_group_resolved_taxon_collapsed,7,0,f1,100,0,0.0,0.0,0.0,0.0
rank_replacement_without_lineage,M8_provenance_group_resolved_taxon_collapsed,8,0,f1,100,0,0.0,0.0,0.0,0.0
rank_replacement_without_lineage,M8_provenance_group_resolved_taxon_collapsed,1,0,false_discovery_proportion,100,0,0.73304432,0.00559633,0.65502249,0.83360215
rank_replacement_without_lineage,M8_provenance_group_resolved_taxon_collapsed,2,0,false_discovery_proportion,100,0,0.49342569,0.01880624,0.16666667,0.75138889
rank_replacement_without_lineage,M8_provenance_group_resolved_taxon_collapsed,3,0,false_discovery_proportion,70,30,0.25857143,0.04339745,0.0,1.0
rank_replacement_without_lineage,M8_provenance_group_resolved_taxon_collapsed,4,0,false_discovery_proportion,15,85,0.13333333,0.09085135,0.0,1.0
rank_replacement_without_lineage,M8_provenance_group_resolved_taxon_collapsed,5,0,false_discovery_proportion,1,99,0.0,0.0,0.0,0.0
rank_replacement_without_lineage,M8_provenance_group_resolved_taxon_collapsed,6,0,false_discovery_proportion,0,100,,,,
rank_replacement_without_lineage,M8_provenance_group_resolved_taxon_collapsed,7,0,false_discovery_proportion,0,100,,,,
rank_replacement_without_lineage,M8_provenance_group_resolved_taxon_collapsed,8,0,false_discovery_proportion,0,100,,,,
rank_replacement_without_lineage,M8_provenance_group_resolved_taxon_collapsed,1,0,precision,100,0,0.26695568,0.00559633,0.16639785,0.34497751
rank_replacement_without_lineage,M8_provenance_group_resolved_taxon_collapsed,2,0,precision,100,0,0.50657431,0.01880624,0.24861111,0.83333333
rank_replacement_without_lineage,M8_provenance_group_resolved_taxon_collapsed,3,0,precision,70,30,0.74142857,0.04339745,0.0,1.0
rank_replacement_without_lineage,M8_provenance_group_resolved_taxon_collapsed,4,0,precision,15,85,0.86666667,0.09085135,0.0,1.0
rank_replacement_without_lineage,M8_provenance_group_resolved_taxon_collapsed,5,0,precision,1,99,1.0,0.0,1.0,1.0
rank_replacement_without_lineage,M8_provenance_group_resolved_taxon_collapsed,6,0,precision,0,100,,,,
rank_replacement_without_lineage,M8_provenance_group_resolved_taxon_collapsed,7,0,precision,0,100,,,,
rank_replacement_without_lineage,M8_provenance_group_resolved_taxon_collapsed,8,0,precision,0,100,,,,
rank_replacement_without_lineage,M8_provenance_group_resolved_taxon_collapsed,1,0,recall,100,0,0.63916667,0.0139672,0.4125,0.83333333
rank_replacement_without_lineage,M8_provenance_group_resolved_taxon_collapsed,2,0,recall,100,0,0.27666667,0.01241582,0.08333333,0.5
rank_replacement_without_lineage,M8_provenance_group_resolved_taxon_collapsed,3,0,recall,100,0,0.07166667,0.00690849,0.0,0.16666667
rank_replacement_without_lineage,M8_provenance_group_resolved_taxon_collapsed,4,0,recall,100,0,0.01166667,0.00313823,0.0,0.08333333
rank_replacement_without_lineage,M8_provenance_group_resolved_taxon_collapsed,5,0,recall,100,0,0.00083333,0.00083333,0.0,0.0
rank_replacement_without_lineage,M8_provenance_group_resolved_taxon_collapsed,6,0,recall,100,0,0.0,0.0,0.0,0.0
rank_replacement_without_lineage,M8_provenance_group_resolved_taxon_collapsed,7,0,recall,100,0,0.0,0.0,0.0,0.0
rank_replacement_without_lineage,M8_provenance_group_resolved_taxon_collapsed,8,0,recall,100,0,0.0,0.0,0.0,0.0
rank_replacement_without_lineage,M8_provenance_group_resolved_taxon_collapsed,1,0,selected_pair_count,100,0,28.88,0.37343072,22.95,35.0
rank_replacement_without_lineage,M8_provenance_group_resolved_taxon_collapsed,2,0,selected_pair_count,100,0,6.75,0.21898526,3.95,11.0
rank_replacement_without_lineage,M8_provenance_group_resolved_taxon_collapsed,3,0,selected_pair_count,100,0,1.21,0.11127816,0.0,3.0
rank_replacement_without_lineage,M8_provenance_group_resolved_taxon_collapsed,4,0,selected_pair_count,100,0,0.16,0.03949172,0.0,1.0
rank_replacement_without_lineage,M8_provenance_group_resolved_taxon_collapsed,5,0,selected_pair_count,100,0,0.01,0.01,0.0,0.0
rank_replacement_without_lineage,M8_provenance_group_resolved_taxon_collapsed,6,0,selected_pair_count,100,0,0.0,0.0,0.0,0.0
rank_replacement_without_lineage,M8_provenance_group_resolved_taxon_collapsed,7,0,selected_pair_count,100,0,0.0,0.0,0.0,0.0
rank_replacement_without_lineage,M8_provenance_group_resolved_taxon_collapsed,8,0,selected_pair_count,100,0,0.0,0.0,0.0,0.0
reference,M8_provenance_group_resolved_taxon_collapsed,1,0,f1,100,0,0.67926249,0.00757836,0.55536398,0.81545338
reference,M8_provenance_group_resolved_taxon_collapsed,2,0,f1,100,0,0.71616918,0.00799955,0.58064516,0.83397436
reference,M8_provenance_group_resolved_taxon_collapsed,3,0,f1,100,0,0.77694161,0.00816855,0.64285714,0.91666667
reference,M8_provenance_group_resolved_taxon_collapsed,4,0,f1,100,0,0.8381483,0.00728548,0.71878261,0.95652174
reference,M8_provenance_group_resolved_taxon_collapsed,5,0,f1,100,0,0.85527064,0.00776552,0.7,0.962
reference,M8_provenance_group_resolved_taxon_collapsed,6,0,f1,100,0,0.81207455,0.00900207,0.66666667,0.95869565
reference,M8_provenance_group_resolved_taxon_collapsed,7,0,f1,100,0,0.62247876,0.01431223,0.37053571,0.85714286
reference,M8_provenance_group_resolved_taxon_collapsed,8,0,f1,100,0,0.28218056,0.01628281,0.0,0.58823529
reference,M8_provenance_group_resolved_taxon_collapsed,1,0,false_discovery_proportion,100,0,0.43754078,0.00807321,0.2847619,0.56026087
reference,M8_provenance_group_resolved_taxon_collapsed,2,0,false_discovery_proportion,100,0,0.38526225,0.0088713,0.24821429,0.52631579
reference,M8_provenance_group_resolved_taxon_collapsed,3,0,false_discovery_proportion,100,0,0.28932897,0.01009372,0.09090909,0.43915441
reference,M8_provenance_group_resolved_taxon_collapsed,4,0,false_discovery_proportion,100,0,0.17261905,0.00905003,0.0,0.30038462
reference,M8_provenance_group_resolved_taxon_collapsed,5,0,false_discovery_proportion,100,0,0.0882447,0.00763388,0.0,0.22264957
reference,M8_provenance_group_resolved_taxon_collapsed,6,0,false_discovery_proportion,100,0,0.03197511,0.00568564,0.0,0.14285714
reference,M8_provenance_group_resolved_taxon_collapsed,7,0,false_discovery_proportion,100,0,0.01603571,0.00509887,0.0,0.14285714
reference,M8_provenance_group_resolved_taxon_collapsed,8,0,false_discovery_proportion,90,10,0.0,0.0,0.0,0.0
reference,M8_provenance_group_resolved_taxon_collapsed,1,0,precision,100,0,0.56245922,0.00807321,0.43973913,0.7152381
reference,M8_provenance_group_resolved_taxon_collapsed,2,0,precision,100,0,0.61473775,0.0088713,0.47368421,0.75178571
reference,M8_provenance_group_resolved_taxon_collapsed,3,0,precision,100,0,0.71067103,0.01009372,0.56084559,0.90909091
reference,M8_provenance_group_resolved_taxon_collapsed,4,0,precision,100,0,0.82738095,0.00905003,0.69961538,1.0
reference,M8_provenance_group_resolved_taxon_collapsed,5,0,precision,100,0,0.9117553,0.00763388,0.77735043,1.0
reference,M8_provenance_group_resolved_taxon_collapsed,6,0,precision,100,0,0.96802489,0.00568564,0.85714286,1.0
reference,M8_provenance_group_resolved_taxon_collapsed,7,0,precision,100,0,0.98396429,0.00509887,0.85714286,1.0
reference,M8_provenance_group_resolved_taxon_collapsed,8,0,precision,90,10,1.0,0.0,1.0,1.0
reference,M8_provenance_group_resolved_taxon_collapsed,1,0,recall,100,0,0.86833333,0.00999298,0.74583333,1.0
reference,M8_provenance_group_resolved_taxon_collapsed,2,0,recall,100,0,0.86833333,0.00999298,0.74583333,1.0
reference,M8_provenance_group_resolved_taxon_collapsed,3,0,recall,100,0,0.86833333,0.00999298,0.74583333,1.0
reference,M8_provenance_group_resolved_taxon_collapsed,4,0,recall,100,0,0.86,0.01071779,0.66666667,1.0
reference,M8_provenance_group_resolved_taxon_collapsed,5,0,recall,100,0,0.81583333,0.01180266,0.58333333,1.0
reference,M8_provenance_group_resolved_taxon_collapsed,6,0,recall,100,0,0.70916667,0.01289336,0.5,0.92083333
reference,M8_provenance_group_resolved_taxon_collapsed,7,0,recall,100,0,0.47083333,0.01504646,0.24583333,0.75
reference,M8_provenance_group_resolved_taxon_collapsed,8,0,recall,100,0,0.175,0.01151415,0.0,0.41666667
reference,M8_provenance_group_resolved_taxon_collapsed,1,0,selected_pair_count,100,0,18.78,0.2698971,14.0,23.05
reference,M8_provenance_group_resolved_taxon_collapsed,2,0,selected_pair_count,100,0,17.19,0.24769442,13.0,21.0
reference,M8_provenance_group_resolved_taxon_collapsed,3,0,selected_pair_count,100,0,14.89,0.23393645,11.0,18.05
reference,M8_provenance_group_resolved_taxon_collapsed,4,0,selected_pair_count,100,0,12.6,0.19488406,10.0,15.0
reference,M8_provenance_group_resolved_taxon_collapsed,5,0,selected_pair_count,100,0,10.81,0.18017668,8.0,14.0
reference,M8_provenance_group_resolved_taxon_collapsed,6,0,selected_pair_count,100,0,8.81,0.16061435,6.95,12.0
reference,M8_provenance_group_resolved_taxon_collapsed,7,0,selected_pair_count,100,0,5.75,0.18388347,2.95,9.0
reference,M8_provenance_group_resolved_taxon_collapsed,8,0,selected_pair_count,100,0,2.1,0.13816986,0.0,5.0
selective_sparse_reporting,M8_provenance_group_resolved_taxon_collapsed,1,0,f1,100,0,0.53956691,0.00628472,0.4388123,0.64713831
selective_sparse_reporting,M8_provenance_group_resolved_taxon_collapsed,2,0,f1,100,0,0.7361344,0.00891835,0.59916667,0.88
selective_sparse_reporting,M8_provenance_group_resolved_taxon_collapsed,3,0,f1,100,0,0.61734709,0.01295417,0.375,0.80090909
selective_sparse_reporting,M8_provenance_group_resolved_taxon_collapsed,4,0,f1,100,0,0.34916668,0.01669123,0.14285714,0.58823529
selective_sparse_reporting,M8_provenance_group_resolved_taxon_collapsed,5,0,f1,100,0,0.12538645,0.01355661,0.0,0.4
selective_sparse_reporting,M8_provenance_group_resolved_taxon_collapsed,6,0,f1,100,0,0.02153846,0.00536516,0.0,0.15384615
selective_sparse_reporting,M8_provenance_group_resolved_taxon_collapsed,7,0,f1,100,0,0.00307692,0.0021647,0.0,0.0
selective_sparse_reporting,M8_provenance_group_resolved_taxon_collapsed,8,0,f1,100,0,0.0,0.0,0.0,0.0
selective_sparse_reporting,M8_provenance_group_resolved_taxon_collapsed,1,0,false_discovery_proportion,100,0,0.61248266,0.00553244,0.5,0.69017241
selective_sparse_reporting,M8_provenance_group_resolved_taxon_collapsed,2,0,false_discovery_proportion,100,0,0.28061358,0.01010864,0.11010101,0.43835227
selective_sparse_reporting,M8_provenance_group_resolved_taxon_collapsed,3,0,false_discovery_proportion,100,0,0.1408148,0.01199131,0.0,0.33333333
selective_sparse_reporting,M8_provenance_group_resolved_taxon_collapsed,4,0,false_discovery_proportion,98,2,0.08928571,0.01943977,0.0,0.5
selective_sparse_reporting,M8_provenance_group_resolved_taxon_collapsed,5,0,false_discovery_proportion,56,44,0.05952381,0.02725361,0.0,0.375
selective_sparse_reporting,M8_provenance_group_resolved_taxon_collapsed,6,0,false_discovery_proportion,14,86,0.0,0.0,0.0,0.0
selective_sparse_reporting,M8_provenance_group_resolved_taxon_collapsed,7,0,false_discovery_proportion,2,98,0.0,0.0,0.0,0.0
selective_sparse_reporting,M8_provenance_group_resolved_taxon_collapsed,8,0,false_discovery_proportion,0,100,,,,
selective_sparse_reporting,M8_provenance_group_resolved_taxon_collapsed,1,0,precision,100,0,0.38751734,0.00553244,0.30982759,0.5
selective_sparse_reporting,M8_provenance_group_resolved_taxon_collapsed,2,0,precision,100,0,0.71938642,0.01010864,0.56164773,0.88989899
selective_sparse_reporting,M8_provenance_group_resolved_taxon_collapsed,3,0,precision,100,0,0.8591852,0.01199131,0.66666667,1.0
selective_sparse_reporting,M8_provenance_group_resolved_taxon_collapsed,4,0,precision,98,2,0.91071429,0.01943977,0.5,1.0
selective_sparse_reporting,M8_provenance_group_resolved_taxon_collapsed,5,0,precision,56,44,0.94047619,0.02725361,0.625,1.0
selective_sparse_reporting,M8_provenance_group_resolved_taxon_collapsed,6,0,precision,14,86,1.0,0.0,1.0,1.0
selective_sparse_reporting,M8_provenance_group_resolved_taxon_collapsed,7,0,precision,2,98,1.0,0.0,1.0,1.0
selective_sparse_reporting,M8_provenance_group_resolved_taxon_collapsed,8,0,precision,0,100,,,,
selective_sparse_reporting,M8_provenance_group_resolved_taxon_collapsed,1,0,recall,100,0,0.8975,0.00885212,0.75,1.0
selective_sparse_reporting,M8_provenance_group_resolved_taxon_collapsed,2,0,recall,100,0,0.76416667,0.01148701,0.58333333,1.0
selective_sparse_reporting,M8_provenance_group_resolved_taxon_collapsed,3,0,recall,100,0,0.49583333,0.01423188,0.25,0.67083333
selective_sparse_reporting,M8_provenance_group_resolved_taxon_collapsed,4,0,recall,100,0,0.22833333,0.01268079,0.08333333,0.41666667
selective_sparse_reporting,M8_provenance_group_resolved_taxon_collapsed,5,0,recall,100,0,0.07333333,0.00831479,0.0,0.25
selective_sparse_reporting,M8_provenance_group_resolved_taxon_collapsed,6,0,recall,100,0,0.01166667,0.00290613,0.0,0.08333333
selective_sparse_reporting,M8_provenance_group_resolved_taxon_collapsed,7,0,recall,100,0,0.00166667,0.00117254,0.0,0.0
selective_sparse_reporting,M8_provenance_group_resolved_taxon_collapsed,8,0,recall,100,0,0.0,0.0,0.0,0.0
selective_sparse_reporting,M8_provenance_group_resolved_taxon_collapsed,1,0,selected_pair_count,100,0,28.13,0.3398321,22.0,34.0
selective_sparse_reporting,M8_provenance_group_resolved_taxon_collapsed,2,0,selected_pair_count,100,0,12.9,0.2139102,9.95,17.0
selective_sparse_reporting,M8_provenance_group_resolved_taxon_collapsed,3,0,selected_pair_count,100,0,6.96,0.19894672,4.0,10.0
selective_sparse_reporting,M8_provenance_group_resolved_taxon_collapsed,4,0,selected_pair_count,100,0,3.0,0.15827351,1.0,6.0
selective_sparse_reporting,M8_provenance_group_resolved_taxon_collapsed,5,0,selected_pair_count,100,0,0.94,0.10619213,0.0,3.0
selective_sparse_reporting,M8_provenance_group_resolved_taxon_collapsed,6,0,selected_pair_count,100,0,0.14,0.03487351,0.0,1.0
selective_sparse_reporting,M8_provenance_group_resolved_taxon_collapsed,7,0,selected_pair_count,100,0,0.02,0.01407053,0.0,0.0
selective_sparse_reporting,M8_provenance_group_resolved_taxon_collapsed,8,0,selected_pair_count,100,0,0.0,0.0,0.0,0.0
too_few_families,M8_provenance_group_resolved_taxon_collapsed,1,0,f1,100,0,0.42758106,0.00437513,0.35714286,0.5
too_few_families,M8_provenance_group_resolved_taxon_collapsed,2,0,f1,100,0,0.583061,0.01171367,0.38538899,0.75915119
too_few_families,M8_provenance_group_resolved_taxon_collapsed,1,0,false_discovery_proportion,100,0,0.72229108,0.00329694,0.66666667,0.77272727
too_few_families,M8_provenance_group_resolved_taxon_collapsed,2,0,false_discovery_proportion,100,0,0.46132989,0.01136484,0.28571429,0.64803922
too_few_families,M8_provenance_group_resolved_taxon_collapsed,1,0,precision,100,0,0.27770892,0.00329694,0.22727273,0.33333333
too_few_families,M8_provenance_group_resolved_taxon_collapsed,2,0,precision,100,0,0.53867011,0.01136484,0.35196078,0.71428571
too_few_families,M8_provenance_group_resolved_taxon_collapsed,1,0,recall,100,0,0.935,0.00706511,0.83333333,1.0
too_few_families,M8_provenance_group_resolved_taxon_collapsed,2,0,recall,100,0,0.65416667,0.01550565,0.41666667,0.83333333
too_few_families,M8_provenance_group_resolved_taxon_collapsed,1,0,selected_pair_count,100,0,40.73,0.36233112,34.0,46.0
too_few_families,M8_provenance_group_resolved_taxon_collapsed,2,0,selected_pair_count,100,0,14.84,0.32558262,9.95,21.0
weak_effect_high_heterogeneity,M8_provenance_group_resolved_taxon_collapsed,1,0,f1,100,0,0.17343493,0.01262743,0.0,0.4
weak_effect_high_heterogeneity,M8_provenance_group_resolved_taxon_collapsed,2,0,f1,100,0,0.17210058,0.01250635,0.0,0.4
weak_effect_high_heterogeneity,M8_provenance_group_resolved_taxon_collapsed,3,0,f1,100,0,0.16876525,0.01195066,0.0,0.37625
weak_effect_high_heterogeneity,M8_provenance_group_resolved_taxon_collapsed,4,0,f1,100,0,0.15427979,0.01189253,0.0,0.35404412
weak_effect_high_heterogeneity,M8_provenance_group_resolved_taxon_collapsed,5,0,f1,100,0,0.11168163,0.01124586,0.0,0.28571429
weak_effect_high_heterogeneity,M8_provenance_group_resolved_taxon_collapsed,6,0,f1,100,0,0.07157967,0.00968246,0.0,0.26761905
weak_effect_high_heterogeneity,M8_provenance_group_resolved_taxon_collapsed,7,0,f1,100,0,0.02263736,0.00578712,0.0,0.15384615
weak_effect_high_heterogeneity,M8_provenance_group_resolved_taxon_collapsed,8,0,f1,100,0,0.00153846,0.00153846,0.0,0.0
weak_effect_high_heterogeneity,M8_provenance_group_resolved_taxon_collapsed,1,0,false_discovery_proportion,99,1,0.67373992,0.02601914,0.0,1.0
weak_effect_high_heterogeneity,M8_provenance_group_resolved_taxon_collapsed,2,0,false_discovery_proportion,99,1,0.67053471,0.0259075,0.0,1.0
weak_effect_high_heterogeneity,M8_provenance_group_resolved_taxon_collapsed,3,0,false_discovery_proportion,99,1,0.66473064,0.02562701,0.0,1.0
weak_effect_high_heterogeneity,M8_provenance_group_resolved_taxon_collapsed,4,0,false_discovery_proportion,97,3,0.6320324,0.0298537,0.0,1.0
weak_effect_high_heterogeneity,M8_provenance_group_resolved_taxon_collapsed,5,0,false_discovery_proportion,91,9,0.62598116,0.03748689,0.0,1.0
weak_effect_high_heterogeneity,M8_provenance_group_resolved_taxon_collapsed,6,0,false_discovery_proportion,74,26,0.59121622,0.04984057,0.0,1.0
weak_effect_high_heterogeneity,M8_provenance_group_resolved_taxon_collapsed,7,0,false_discovery_proportion,30,70,0.56666667,0.08884098,0.0,1.0
weak_effect_high_heterogeneity,M8_provenance_group_resolved_taxon_collapsed,8,0,false_discovery_proportion,1,99,0.0,0.0,0.0,0.0
weak_effect_high_heterogeneity,M8_provenance_group_resolved_taxon_collapsed,1,0,precision,99,1,0.32626008,0.02601914,0.0,1.0
weak_effect_high_heterogeneity,M8_provenance_group_resolved_taxon_collapsed,2,0,precision,99,1,0.32946529,0.0259075,0.0,1.0
weak_effect_high_heterogeneity,M8_provenance_group_resolved_taxon_collapsed,3,0,precision,99,1,0.33526936,0.02562701,0.0,1.0
weak_effect_high_heterogeneity,M8_provenance_group_resolved_taxon_collapsed,4,0,precision,97,3,0.3679676,0.0298537,0.0,1.0
weak_effect_high_heterogeneity,M8_provenance_group_resolved_taxon_collapsed,5,0,precision,91,9,0.37401884,0.03748689,0.0,1.0
weak_effect_high_heterogeneity,M8_provenance_group_resolved_taxon_collapsed,6,0,precision,74,26,0.40878378,0.04984057,0.0,1.0
weak_effect_high_heterogeneity,M8_provenance_group_resolved_taxon_collapsed,7,0,precision,30,70,0.43333333,0.08884098,0.0,1.0
weak_effect_high_heterogeneity,M8_provenance_group_resolved_taxon_collapsed,8,0,precision,1,99,1.0,0.0,1.0,1.0
weak_effect_high_heterogeneity,M8_provenance_group_resolved_taxon_collapsed,1,0,recall,100,0,0.12666667,0.00965743,0.0,0.25416667
weak_effect_high_heterogeneity,M8_provenance_group_resolved_taxon_collapsed,2,0,recall,100,0,0.125,0.00958599,0.0,0.25416667
weak_effect_high_heterogeneity,M8_provenance_group_resolved_taxon_collapsed,3,0,recall,100,0,0.12083333,0.0090496,0.0,0.25416667
weak_effect_high_heterogeneity,M8_provenance_group_resolved_taxon_collapsed,4,0,recall,100,0,0.105,0.00850991,0.0,0.25
weak_effect_high_heterogeneity,M8_provenance_group_resolved_taxon_collapsed,5,0,recall,100,0,0.07,0.00737028,0.0,0.16666667
weak_effect_high_heterogeneity,M8_provenance_group_resolved_taxon_collapsed,6,0,recall,100,0,0.04166667,0.00574183,0.0,0.16666667
weak_effect_high_heterogeneity,M8_provenance_group_resolved_taxon_collapsed,7,0,recall,100,0,0.0125,0.0032166,0.0,0.08333333
weak_effect_high_heterogeneity,M8_provenance_group_resolved_taxon_collapsed,8,0,recall,100,0,0.00083333,0.00083333,0.0,0.0
weak_effect_high_heterogeneity,M8_provenance_group_resolved_taxon_collapsed,1,0,selected_pair_count,100,0,4.97,0.22938433,1.95,9.0
weak_effect_high_heterogeneity,M8_provenance_group_resolved_taxon_collapsed,2,0,selected_pair_count,100,0,4.85,0.22309802,1.95,9.0
weak_effect_high_heterogeneity,M8_provenance_group_resolved_taxon_collapsed,3,0,selected_pair_count,100,0,4.55,0.21526352,1.95,8.0
weak_effect_high_heterogeneity,M8_provenance_group_resolved_taxon_collapsed,4,0,selected_pair_count,100,0,3.69,0.19781381,1.0,7.05
weak_effect_high_heterogeneity,M8_provenance_group_resolved_taxon_collapsed,5,0,selected_pair_count,100,0,2.36,0.15143756,0.0,5.0
weak_effect_high_heterogeneity,M8_provenance_group_resolved_taxon_collapsed,6,0,selected_pair_count,100,0,1.18,0.0967972,0.0,3.0
weak_effect_high_heterogeneity,M8_provenance_group_resolved_taxon_collapsed,7,0,selected_pair_count,100,0,0.35,0.05751592,0.0,1.05
weak_effect_high_heterogeneity,M8_provenance_group_resolved_taxon_collapsed,8,0,selected_pair_count,100,0,0.01,0.01,0.0,0.0
